Var,Value,Unit,PWS_ID,Num_Interconnections
TSTC,5.967,MG,TX0010001,0
TSTC,0.442,MG,TX0010002,0
TSTC,0.174,MG,TX0010004,0
TSTC,0.354,MG,TX0010005,1
TSTC,0.005,MG,TX0010007,1
TSTC,0.253,MG,TX0010015,0
TSTC,0.329,MG,TX0010018,0
TSTC,0.323,MG,TX0010020,1
TSTC,0.106,MG,TX0010021,1
TSTC,0.04,MG,TX0010023,0
TSTC,0.256,MG,TX0010024,1
TSTC,0.1,MG,TX0010026,1
TSTC,0.159,MG,TX0010028,0
TSTC,0.148,MG,TX0010029,0
TSTC,0.65,MG,TX0010030,2
TSTC,1.243,MG,TX0010031,0
TSTC,0.36,MG,TX0010036,0
TSTC,,,TX0010038,1
TSTC,,,TX0010039,1
TSTC,0.92,MG,TX0010044,1
TSTC,0.214,MG,TX0010046,0
TSTC,0.158,GAL,TX0010047,1
TSTC,0.02,MG,TX0010054,1
TSTC,,,TX0010055,1
TSTC,4.2,MG,TX0020001,0
TSTC,0.018,MG,TX0020015,0
TSTC,1.75,MG,TX0030001,1
TSTC,0.367,MG,TX0030002,2
TSTC,14,MG,TX0030004,1
TSTC,0.009,MG,TX0030006,0
TSTC,0.006,MG,TX0030007,0
TSTC,0.006,MG,TX0030010,0
TSTC,0.687,MG,TX0030016,1
TSTC,0.065,MG,TX0030017,0
TSTC,0.95,MG,TX0030019,1
TSTC,1.3,MG,TX0030020,2
TSTC,3.3,MG,TX0030023,0
TSTC,0.538,MG,TX0030026,1
TSTC,0.056,MG,TX0030027,2
TSTC,0.3,MG,TX0030028,1
TSTC,0.15,MG,TX0030029,1
TSTC,0.181,MG,TX0030030,0
TSTC,0.225,MG,TX0030031,1
TSTC,0.022,MG,TX0030053,0
TSTC,0.18,MG,TX0030094,0
TSTC,,,TX0030100,1
TSTC,,,TX0030102,2
TSTC,8.4,MG,TX0040002,1
TSTC,,,TX0040003,1
TSTC,0.25,MG,TX0040015,0
TSTC,,,TX0040017,1
TSTC,0.2,MG,TX0040018,0
TSTC,,,TX0040029,2
TSTC,0.126,MG,TX0040042,0
TSTC,0.034,MG,TX0040055,0
TSTC,,,TX0040059,1
TSTC,0.681,MG,TX0050001,0
TSTC,0.55,MG,TX0050002,1
TSTC,0.196,MG,TX0050003,2
TSTC,0.125,MG,TX0050012,1
TSTC,0.655,MG,TX0050013,1
TSTC,0.315,MG,TX0050014,1
TSTC,0.192,MG,TX0050015,3
TSTC,0.5,MG,TX0060001,0
TSTC,0.02,MG,TX0060002,0
TSTC,0.9,MG,TX0070002,0
TSTC,4.7,MG,TX0070003,0
TSTC,1.356,MG,TX0070004,1
TSTC,1.187,MG,TX0070005,2
TSTC,0.405,MG,TX0070016,0
TSTC,0.276,MG,TX0070017,0
TSTC,0.08,MG,TX0070018,0
TSTC,1.846,MG,TX0070023,0
TSTC,0.415,MG,TX0080001,0
TSTC,1.5,MG,TX0080002,0
TSTC,0.356,MG,TX0080005,0
TSTC,0.16,MG,TX0080014,0
TSTC,0.241,MG,TX0080015,0
TSTC,,,TX0080019,0
TSTC,0.046,MG,TX0080025,0
TSTC,5500,GAL,TX0080027,0
TSTC,0.001,MG,TX0080028,0
TSTC,,,TX0080040,0
TSTC,,,TX0080041,0
TSTC,0.041,MG,TX0080043,0
TSTC,,,TX0080045,1
TSTC,,,TX0080049,0
TSTC,,,TX0080051,1
TSTC,,,TX0080053,0
TSTC,,,TX0080055,1
TSTC,,,TX0080056,1
TSTC,,,TX0080058,1
TSTC,,,TX0080059,0
TSTC,,,TX0080060,0
TSTC,1.45,MG,TX0090001,0
TSTC,0.037,MG,TX0090011,0
TSTC,0.13,MG,TX0100011,0
TSTC,1.278,MG,TX0100012,0
TSTC,0.14,MG,TX0100013,0
TSTC,0.03,MG,TX0100015,0
TSTC,0.1,MG,TX0100016,0
TSTC,0.715,MG,TX0100017,0
TSTC,0.05,MG,TX0100030,0
TSTC,0.137,MG,TX0100037,0
TSTC,0.04,MG,TX0100039,0
TSTC,0.015,MG,TX0100041,0
TSTC,0.02,MG,TX0100042,0
TSTC,0.077,MG,TX0100047,0
TSTC,0.01,MG,TX0100052,0
TSTC,0.022,MG,TX0100053,0
TSTC,0.014,MG,TX0100059,0
TSTC,0.01,MG,TX0100061,0
TSTC,0.016,MG,TX0100062,0
TSTC,0.021,MG,TX0100065,0
TSTC,0.015,MG,TX0100072,0
TSTC,0.02,MG,TX0100076,0
TSTC,0.044,MG,TX0100091,0
TSTC,0.15,MG,TX0100092,0
TSTC,0.066,MG,TX0100096,0
TSTC,0.003,MG,TX0100110,0
TSTC,,,TX0100123,0
TSTC,2.76,MG,TX0110001,1
TSTC,2.331,MG,TX0110002,0
TSTC,1.52,MG,TX0110003,0
TSTC,14.625,MG,TX0110013,5
TSTC,0.125,MG,TX0110014,1
TSTC,0.425,MG,TX0110020,1
TSTC,,,TX0110023,0
TSTC,,,TX0110043,0
TSTC,22500,GAL,TX0110045,0
TSTC,0.15,MG,TX0110047,0
TSTC,0.08,MG,TX0110049,1
TSTC,,,TX0110052,1
TSTC,,,TX0110053,1
TSTC,,,TX0110054,1
TSTC,,,TX0110055,1
TSTC,,,TX0110063,0
TSTC,,,TX0110064,1
TSTC,,,TX0110066,1
TSTC,1.245,MG,TX0120001,2
TSTC,0.458,MG,TX0120004,2
TSTC,5.32,MG,TX0130001,0
TSTC,0.75,MG,TX0130002,1
TSTC,0.066,MG,TX0130003,0
TSTC,0.475,MG,TX0130013,0
TSTC,0.084,MG,TX0130016,0
TSTC,0.02,MG,TX0130019,0
TSTC,0.066,MG,TX0130066,0
TSTC,4.1,MG,TX0140002,1
TSTC,0.1,MG,TX0140003,1
TSTC,0.188,MG,TX0140004,2
TSTC,22.53,MG,TX0140005,0
TSTC,40.25,MG,TX0140006,6
TSTC,1.01,MG,TX0140007,5
TSTC,46.417,MG,TX0140016,0
TSTC,0.619,MG,TX0140019,2
TSTC,0.571,MG,TX0140020,1
TSTC,3.1,MG,TX0140023,2
TSTC,0.05,MG,TX0140024,1
TSTC,0.447,MG,TX0140025,1
TSTC,0.3,MG,TX0140027,1
TSTC,1.328,MG,TX0140028,2
TSTC,0.72,MG,TX0140031,2
TSTC,0.335,MG,TX0140033,2
TSTC,1.43,MG,TX0140035,3
TSTC,0.373,MG,TX0140037,1
TSTC,0.565,MG,TX0140044,2
TSTC,1.51,MG,TX0140076,1
TSTC,1.4,MG,TX0140105,4
TSTC,9.5,MG,TX0140107,1
TSTC,0.4,MG,TX0140116,3
TSTC,0.41,MG,TX0140118,3
TSTC,,,TX0140149,2
TSTC,0.014,MG,TX0140159,0
TSTC,8.143,MG,TX0140161,0
TSTC,4.34,MG,TX0140162,0
TSTC,0.204,MG,TX0140174,2
TSTC,4.215,MG,TX0150009,1
TSTC,1.75,MG,TX0150010,0
TSTC,224.706,MG,TX0150018,8
TSTC,1.05,MG,TX0150039,1
TSTC,2.66,MG,TX0150040,1
TSTC,1.5,MG,TX0150045,0
TSTC,0.075,MG,TX0150046,0
TSTC,3.4,MG,TX0150047,3
TSTC,1.1,MG,TX0150048,2
TSTC,0.09,MG,TX0150052,0
TSTC,2.5,MG,TX0150068,1
TSTC,,,TX0150082,1
TSTC,3.5,MG,TX0150084,3
TSTC,0.76,MG,TX0150092,1
TSTC,0.152,MG,TX0150096,0
TSTC,1.085,MG,TX0150106,0
TSTC,2.25,MG,TX0150114,1
TSTC,1,MG,TX0150115,1
TSTC,2,MG,TX0150116,0
TSTC,,,TX0150117,1
TSTC,0.247,MG,TX0150135,0
TSTC,2.747,MG,TX0150138,6
TSTC,,,TX0150156,0
TSTC,1.125,MG,TX0150178,1
TSTC,,,TX0150186,0
TSTC,0.009,MG,TX0150208,0
TSTC,2.125,MG,TX0150216,1
TSTC,0.038,MG,TX0150235,0
TSTC,,,TX0150238,0
TSTC,0.068,MG,TX0150247,1
TSTC,0.01,MG,TX0150256,0
TSTC,1.25,MG,TX0150275,1
TSTC,0.41,MG,TX0150399,4
TSTC,0.005,MG,TX0150414,0
TSTC,0.042,MG,TX0150420,0
TSTC,0.103,MG,TX0150421,0
TSTC,0.119,MG,TX0150431,0
TSTC,0.013,MG,TX0150433,0
TSTC,0.42,MG,TX0150463,0
TSTC,0.017,MG,TX0150486,0
TSTC,5,MG,TX0150492,1
TSTC,6.75,MG,TX0150497,0
TSTC,0.168,MG,TX0150514,0
TSTC,,,TX0150539,1
TSTC,0.06,MG,TX0150545,0
TSTC,1.833,MG,TX0150562,0
TSTC,,,TX0150596,1
TSTC,0.445,MG,TX0160001,0
TSTC,1.36,MG,TX0160002,1
TSTC,,,TX0160007,0
TSTC,,,TX0160014,0
TSTC,0.043,MG,TX0160019,0
TSTC,0.06,MG,TX0160030,0
TSTC,,,TX0160041,0
TSTC,0.23,MG,TX0170010,0
TSTC,0.906,MG,TX0180001,0
TSTC,0.763,MG,TX0180002,1
TSTC,0.2,MG,TX0180003,0
TSTC,0.093,MG,TX0180013,0
TSTC,0.119,MG,TX0180014,0
TSTC,0.508,MG,TX0180015,0
TSTC,0.1,MG,TX0180016,0
TSTC,0.1,MG,TX0180018,0
TSTC,0.04,MG,TX0180019,0
TSTC,0.351,MG,TX0180020,0
TSTC,0.09,MG,TX0180022,0
TSTC,0.048,MG,TX0180025,0
TSTC,0.878,MG,TX0180026,0
TSTC,44347,GAL,TX0180028,0
TSTC,,,TX0180030,0
TSTC,0.025,MG,TX0180031,0
TSTC,0.02,MG,TX0180032,0
TSTC,0.118,MG,TX0180033,0
TSTC,0.571,MG,TX0180038,0
TSTC,,,TX0180040,0
TSTC,8500,GAL,TX0180041,0
TSTC,0.047,MG,TX0180051,1
TSTC,0.112,MG,TX0180071,0
TSTC,0.015,MG,TX0180072,0
TSTC,0.019,MG,TX0180081,0
TSTC,0.032,MG,TX0180082,0
TSTC,0.75,MG,TX0190001,3
TSTC,0.8,MG,TX0190002,2
TSTC,1.55,MG,TX0190003,2
TSTC,17.05,MG,TX0190004,0
TSTC,1.1,MG,TX0190005,2
TSTC,0.75,MG,TX0190006,2
TSTC,0.3,MG,TX0190007,1
TSTC,0.38,MG,TX0190008,1
TSTC,0.78,MG,TX0190012,1
TSTC,0.056,MG,TX0190014,3
TSTC,0.215,MG,TX0190015,1
TSTC,1.5,MG,TX0190021,4
TSTC,1.228,MG,TX0190024,3
TSTC,,,TX0190070,1
TSTC,,,TX0190074,0
TSTC,,,TX0190084,0
TSTC,0.06,MG,TX0190093,1
TSTC,,,TX0190094,0
TSTC,5.5,MG,TX0200001,0
TSTC,3.68,MG,TX0200002,1
TSTC,0.8,MG,TX0200003,1
TSTC,1,MG,TX0200004,3
TSTC,3,MG,TX0200005,2
TSTC,4.11,MG,TX0200006,4
TSTC,9.602,MG,TX0200008,5
TSTC,1.115,MG,TX0200009,0
TSTC,1.35,MG,TX0200010,0
TSTC,,,TX0200011,0
TSTC,,,TX0200017,0
TSTC,0.162,MG,TX0200018,0
TSTC,,,TX0200019,0
TSTC,0.035,MG,TX0200024,0
TSTC,0.125,MG,TX0200025,0
TSTC,0.15,MG,TX0200028,2
TSTC,0.044,MG,TX0200029,0
TSTC,65770,GAL,TX0200032,0
TSTC,,,TX0200033,0
TSTC,0.33,MG,TX0200035,2
TSTC,0.044,MG,TX0200036,0
TSTC,0.482,MG,TX0200037,1
TSTC,1.32,MG,TX0200038,1
TSTC,,,TX0200040,0
TSTC,0.112,MG,TX0200041,0
TSTC,,,TX0200042,0
TSTC,,,TX0200043,0
TSTC,0.1,MG,TX0200046,1
TSTC,0.016,MG,TX0200053,0
TSTC,,,TX0200055,0
TSTC,0.02,MG,TX0200058,0
TSTC,,,TX0200062,0
TSTC,0.022,MG,TX0200065,0
TSTC,0.042,MG,TX0200067,0
TSTC,0.42,MG,TX0200070,0
TSTC,,,TX0200083,1
TSTC,0.016,MG,TX0200094,0
TSTC,0.022,MG,TX0200102,0
TSTC,,,TX0200108,0
TSTC,,,TX0200125,0
TSTC,,,TX0200127,0
TSTC,,,TX0200128,0
TSTC,,,TX0200134,0
TSTC,,,TX0200137,0
TSTC,,,TX0200139,0
TSTC,0.078,MG,TX0200144,0
TSTC,0.024,MG,TX0200146,0
TSTC,,,TX0200148,0
TSTC,,,TX0200151,0
TSTC,,,TX0200152,0
TSTC,,,TX0200153,1
TSTC,,,TX0200158,0
TSTC,,,TX0200159,0
TSTC,,,TX0200183,0
TSTC,0.02,MG,TX0200185,0
TSTC,0.024,MG,TX0200189,0
TSTC,,,TX0200190,1
TSTC,1.381,MG,TX0200201,0
TSTC,0.285,MG,TX0200204,0
TSTC,,,TX0200211,1
TSTC,0.024,MG,TX0200218,0
TSTC,,,TX0200219,0
TSTC,,,TX0200223,0
TSTC,0.024,MG,TX0200227,0
TSTC,,,TX0200229,1
TSTC,0.35,MG,TX0200230,1
TSTC,,,TX0200242,0
TSTC,0.015,MG,TX0200244,0
TSTC,0.04,MG,TX0200245,0
TSTC,,,TX0200248,0
TSTC,,,TX0200254,0
TSTC,,,TX0200255,0
TSTC,,,TX0200258,0
TSTC,,,TX0200271,0
TSTC,0.015,MG,TX0200273,0
TSTC,0.021,MG,TX0200274,0
TSTC,,,TX0200275,0
TSTC,,,TX0200277,0
TSTC,,,TX0200278,0
TSTC,,,TX0200323,0
TSTC,0.002,MG,TX0200324,0
TSTC,,,TX0200325,0
TSTC,0.04,MG,TX0200328,0
TSTC,0.02,MG,TX0200335,0
TSTC,0.024,MG,TX0200337,0
TSTC,0.02,MG,TX0200338,0
TSTC,0.043,MG,TX0200341,0
TSTC,0.02,MG,TX0200346,0
TSTC,0.036,MG,TX0200347,0
TSTC,,,TX0200349,0
TSTC,0.046,MG,TX0200353,0
TSTC,,,TX0200358,0
TSTC,0.044,MG,TX0200360,0
TSTC,0.024,MG,TX0200361,0
TSTC,,,TX0200363,0
TSTC,,,TX0200370,0
TSTC,0.009,MG,TX0200379,0
TSTC,4.068,MG,TX0200386,0
TSTC,0.07,MG,TX0200390,0
TSTC,,,TX0200401,0
TSTC,0.125,MG,TX0200403,0
TSTC,0.425,MG,TX0200407,0
TSTC,,,TX0200409,0
TSTC,,,TX0200410,0
TSTC,,,TX0200411,3
TSTC,0.75,MG,TX0200412,0
TSTC,,,TX0200413,1
TSTC,0.036,MG,TX0200415,0
TSTC,,,TX0200419,0
TSTC,0.02,MG,TX0200432,0
TSTC,,,TX0200435,0
TSTC,,,TX0200444,0
TSTC,,,TX0200460,0
TSTC,,,TX0200461,0
TSTC,,,TX0200488,0
TSTC,,,TX0200497,0
TSTC,,,TX0200506,0
TSTC,,,TX0200510,0
TSTC,,,TX0200520,0
TSTC,,,TX0200541,0
TSTC,,,TX0200550,0
TSTC,0.134,MG,TX0200555,0
TSTC,,,TX0200560,1
TSTC,,,TX0200563,0
TSTC,,,TX0200566,1
TSTC,0.014,MG,TX0200570,0
TSTC,0.021,MG,TX0200573,0
TSTC,,,TX0200575,0
TSTC,,,TX0200578,1
TSTC,0.073,MG,TX0200586,0
TSTC,0.02,MG,TX0200597,0
TSTC,0.032,MG,TX0200599,0
TSTC,0.02,MG,TX0200604,0
TSTC,,,TX0200607,1
TSTC,1,MG,TX0200610,1
TSTC,0.3,MG,TX0200612,0
TSTC,0.562,MG,TX0200615,2
TSTC,0.066,MG,TX0200616,0
TSTC,34000,GAL,TX0200617,0
TSTC,0.02,MG,TX0200624,1
TSTC,,,TX0200632,0
TSTC,0.1,MG,TX0200640,0
TSTC,0.825,MG,TX0200645,0
TSTC,,,TX0200650,2
TSTC,0.08,MG,TX0200656,0
TSTC,0.72,MG,TX0200659,0
TSTC,0.43,MG,TX0200663,3
TSTC,0.015,MG,TX0200665,0
TSTC,,,TX0200670,0
TSTC,0.418,MG,TX0200676,0
TSTC,,,TX0200706,1
TSTC,,,TX0200707,0
TSTC,,,TX0200744,0
TSTC,,,TX0200749,1
TSTC,0.5,MG,TX0200754,2
TSTC,0.245,MG,TX0200764,0
TSTC,,,TX0200774,1
TSTC,,,TX0200775,1
TSTC,,,TX0200785,0
TSTC,,,TX0200800,1
TSTC,,,TX0200816,0
TSTC,15.5,MG,TX0210001,1
TSTC,13.12,MG,TX0210002,3
TSTC,1.775,MG,TX0210005,2
TSTC,,,TX0210006,1
TSTC,0.02,MG,TX0210010,0
TSTC,5.326,MG,TX0210016,7
TSTC,10.9,MG,TX0210017,1
TSTC,0.044,MG,TX0210039,1
TSTC,0.011,MG,TX0210042,1
TSTC,,,TX0210045,0
TSTC,8800,GAL,TX0210062,0
TSTC,3,MG,TX0220001,0
TSTC,,,TX0220013,0
TSTC,,,TX0220018,0
TSTC,,,TX0220020,0
TSTC,0.43,MG,TX0220035,0
TSTC,,,TX0220040,0
TSTC,0.325,MG,TX0230001,1
TSTC,0.385,MG,TX0230002,0
TSTC,3.643,MG,TX0230004,0
TSTC,0.01,MG,TX0230005,0
TSTC,2.32,MG,TX0240001,0
TSTC,0.103,MG,TX0240011,0
TSTC,0.578,MG,TX0250001,1
TSTC,4,MG,TX0250002,1
TSTC,3.687,MG,TX0250004,1
TSTC,0.1,MG,TX0250013,1
TSTC,5.325,MG,TX0250014,0
TSTC,1.7,MG,TX0250015,1
TSTC,0.04,MG,TX0250017,0
TSTC,1.348,MG,TX0250019,3
TSTC,1.4,MG,TX0260001,0
TSTC,0.4,MG,TX0260002,0
TSTC,0.16,MG,TX0260005,0
TSTC,,,TX0260006,1
TSTC,0.062,MG,TX0260007,0
TSTC,,,TX0260010,0
TSTC,0.021,MG,TX0260012,1
TSTC,0.032,MG,TX0260013,0
TSTC,0.21,MG,TX0260014,0
TSTC,0.12,MG,TX0260015,0
TSTC,0.119,MG,TX0260017,0
TSTC,0.154,MG,TX0260018,0
TSTC,0.012,MG,TX0260019,0
TSTC,0.044,MG,TX0260021,0
TSTC,0.02,MG,TX0260022,0
TSTC,0.011,MG,TX0260028,0
TSTC,,,TX0260032,0
TSTC,,,TX0260037,0
TSTC,0.045,MG,TX0260039,0
TSTC,,,TX0260049,1
TSTC,1.5,MG,TX0260050,0
TSTC,18,MG,TX0260051,0
TSTC,,,TX0260052,0
TSTC,3.275,MG,TX0270001,0
TSTC,0.02,MG,TX0270006,0
TSTC,0.129,MG,TX0270011,1
TSTC,1.24,MG,TX0270012,0
TSTC,0.275,MG,TX0270013,0
TSTC,0.045,MG,TX0270014,0
TSTC,0.036,MG,TX0270017,0
TSTC,0.016,MG,TX0270018,0
TSTC,0.063,MG,TX0270021,0
TSTC,0.065,MG,TX0270022,0
TSTC,,,TX0270026,0
TSTC,0.125,MG,TX0270035,1
TSTC,0.7,MG,TX0270036,0
TSTC,0.04,MG,TX0270037,0
TSTC,0.028,MG,TX0270041,0
TSTC,0.036,MG,TX0270042,0
TSTC,0.03,MG,TX0270043,0
TSTC,0.038,MG,TX0270045,2
TSTC,0.02,MG,TX0270047,0
TSTC,1.1,MG,TX0270049,0
TSTC,0.02,MG,TX0270065,0
TSTC,0.012,MG,TX0270078,0
TSTC,0.002,MG,TX0270080,0
TSTC,0.06,MG,TX0270081,0
TSTC,0.02,MG,TX0270082,0
TSTC,0.006,MG,TX0270088,0
TSTC,0.1,MG,TX0270099,1
TSTC,0.03,MG,TX0270113,0
TSTC,0.01,MG,TX0270114,0
TSTC,0.02,MG,TX0270118,0
TSTC,0.312,MG,TX0270120,0
TSTC,0.1,MG,TX0270124,0
TSTC,0.023,MG,TX0270126,0
TSTC,0.04,MG,TX0270131,0
TSTC,0.015,MG,TX0270134,0
TSTC,0.087,MG,TX0270141,0
TSTC,0.065,MG,TX0270148,0
TSTC,,,TX0270167,0
TSTC,3.35,MG,TX0280001,2
TSTC,2.52,MG,TX0280002,1
TSTC,1.238,MG,TX0280003,1
TSTC,0.338,MG,TX0280012,0
TSTC,0.376,MG,TX0280013,2
TSTC,0.657,MG,TX0280018,1
TSTC,1,MG,TX0280024,1
TSTC,0.526,MG,TX0290001,0
TSTC,1,MG,TX0290002,1
TSTC,0.24,MG,TX0290004,0
TSTC,2,MG,TX0290005,0
TSTC,0.034,MG,TX0290007,2
TSTC,0.017,MG,TX0290027,0
TSTC,,,TX0290028,0
TSTC,,,TX0290036,0
TSTC,,,TX0290050,1
TSTC,,,TX0290056,0
TSTC,,,TX0290060,0
TSTC,1.05,MG,TX0290065,1
TSTC,,,TX0290066,0
TSTC,0.669,MG,TX0300001,3
TSTC,1.8,MG,TX0300002,1
TSTC,0.3,MG,TX0300003,0
TSTC,0.938,MG,TX0300005,2
TSTC,0.236,MG,TX0300015,2
TSTC,10.85,MG,TX0310001,3
TSTC,44.69,MG,TX0310002,1
TSTC,2.35,MG,TX0310003,1
TSTC,0.557,MG,TX0310004,1
TSTC,4.645,MG,TX0310005,0
TSTC,0.53,MG,TX0310006,0
TSTC,6.45,MG,TX0310007,1
TSTC,,,TX0310008,2
TSTC,0.35,MG,TX0310009,0
TSTC,,,TX0310021,1
TSTC,1,MG,TX0310022,1
TSTC,1.915,MG,TX0310026,0
TSTC,,,TX0310027,1
TSTC,0.511,MG,TX0310031,1
TSTC,8500,GAL,TX0310059,3
TSTC,0.3,MG,TX0310094,2
TSTC,3.75,MG,TX0310096,4
TSTC,,,TX0310145,1
TSTC,,,TX0310147,1
TSTC,7.5,MG,TX0310150,0
TSTC,,,TX0310154,0
TSTC,,,TX0310157,0
TSTC,0.868,MG,TX0320001,1
TSTC,1.12,MG,TX0320002,0
TSTC,0.05,MG,TX0320011,0
TSTC,0.042,MG,TX0320014,1
TSTC,0.026,MG,TX0320015,0
TSTC,0.01,MG,TX0320016,0
TSTC,0.75,MG,TX0320019,0
TSTC,0.008,MG,TX0320022,0
TSTC,0.305,MG,TX0330001,0
TSTC,0.75,MG,TX0330002,0
TSTC,0.35,MG,TX0330003,0
TSTC,0.275,MG,TX0330004,0
TSTC,0.9,MG,TX0340001,2
TSTC,0.075,MG,TX0340002,1
TSTC,0.7,MG,TX0340003,1
TSTC,0.41,MG,TX0340004,0
TSTC,0.05,MG,TX0340014,0
TSTC,,,TX0340015,0
TSTC,0.05,MG,TX0340017,0
TSTC,0.35,MG,TX0340018,2
TSTC,,,TX0340019,0
TSTC,0.075,MG,TX0340041,2
TSTC,,,TX0340055,1
TSTC,1.274,MG,TX0340066,0
TSTC,,,TX0340067,1
TSTC,0.381,MG,TX0340068,0
TSTC,3,MG,TX0350001,0
TSTC,0.52,MG,TX0350002,0
TSTC,0.32,MG,TX0350003,0
TSTC,0.02,MG,TX0350014,0
TSTC,0.6,MG,TX0360001,1
TSTC,0.928,MG,TX0360002,0
TSTC,,,TX0360004,0
TSTC,0.582,MG,TX0360005,0
TSTC,2.061,MG,TX0360017,0
TSTC,105460,GAL,TX0360023,0
TSTC,,,TX0360026,0
TSTC,0.063,MG,TX0360027,0
TSTC,,,TX0360028,0
TSTC,0.96,MG,TX0360030,0
TSTC,,,TX0360049,0
TSTC,0.014,MG,TX0360065,0
TSTC,0.065,MG,TX0360069,0
TSTC,,,TX0360074,0
TSTC,,,TX0360084,0
TSTC,0.033,MG,TX0360090,0
TSTC,,,TX0360093,0
TSTC,0.183,MG,TX0360096,1
TSTC,0.022,MG,TX0360100,0
TSTC,,,TX0360104,3
TSTC,0.012,MG,TX0360108,0
TSTC,,,TX0360111,0
TSTC,2.011,MG,TX0360112,0
TSTC,0.042,MG,TX0360114,0
TSTC,0.014,MG,TX0360117,0
TSTC,0.084,MG,TX0360122,0
TSTC,0.002,MG,TX0360126,0
TSTC,0.6,MG,TX0370001,0
TSTC,5.15,MG,TX0370002,0
TSTC,2.15,MG,TX0370003,0
TSTC,0.15,MG,TX0370004,0
TSTC,0.156,MG,TX0370014,3
TSTC,0.287,MG,TX0370015,2
TSTC,0.666,MG,TX0370016,2
TSTC,0.1,MG,TX0370017,0
TSTC,0.374,MG,TX0370018,3
TSTC,,,TX0370019,0
TSTC,0.093,MG,TX0370020,2
TSTC,0.15,MG,TX0370021,1
TSTC,0.064,MG,TX0370022,1
TSTC,0.155,MG,TX0370024,0
TSTC,0.04,MG,TX0370027,0
TSTC,0.112,MG,TX0370028,0
TSTC,0.08,MG,TX0370029,0
TSTC,0.181,MG,TX0370031,2
TSTC,0.102,MG,TX0370033,0
TSTC,0.28,MG,TX0370036,1
TSTC,0.07,MG,TX0370039,0
TSTC,0.088,MG,TX0370051,0
TSTC,0.168,MG,TX0370052,0
TSTC,0.116,MG,TX0370053,3
TSTC,0.408,MG,TX0370054,3
TSTC,0.232,MG,TX0370055,2
TSTC,0.152,MG,TX0370056,2
TSTC,0.5,MG,TX0380001,1
TSTC,0,MG,TX0380012,1
TSTC,0.057,MG,TX0380013,1
TSTC,0,MG,TX0380014,2
TSTC,0.076,MG,TX0380015,1
TSTC,0.024,MG,TX0380017,1
TSTC,,,TX0380019,1
TSTC,1.7,MG,TX0390001,0
TSTC,0.18,MG,TX0390002,0
TSTC,0.151,MG,TX0390003,3
TSTC,0.055,MG,TX0390013,0
TSTC,0.02,MG,TX0390014,0
TSTC,0.015,MG,TX0390016,1
TSTC,0.58,MG,TX0390019,1
TSTC,0.361,MG,TX0390021,1
TSTC,1.057,MG,TX0400001,0
TSTC,0.253,MG,TX0400002,0
TSTC,0.051,MG,TX0400012,0
TSTC,0.963,MG,TX0410001,0
TSTC,0.454,MG,TX0410002,1
TSTC,0.01,MG,TX0410007,0
TSTC,0.12,MG,TX0410017,2
TSTC,1.56,MG,TX0420001,0
TSTC,0.282,MG,TX0420002,2
TSTC,2.3,MG,TX0420034,5
TSTC,0.192,MG,TX0430002,0
TSTC,4,MG,TX0430003,1
TSTC,1.5,MG,TX0430004,1
TSTC,51.75,MG,TX0430005,2
TSTC,85.5,MG,TX0430007,5
TSTC,6,MG,TX0430008,2
TSTC,14.5,MG,TX0430009,1
TSTC,9,MG,TX0430011,3
TSTC,33,MG,TX0430025,2
TSTC,4.11,MG,TX0430027,4
TSTC,0.95,MG,TX0430029,2
TSTC,1.78,MG,TX0430030,1
TSTC,0.3,MG,TX0430032,0
TSTC,2.95,MG,TX0430033,2
TSTC,5.5,MG,TX0430034,2
TSTC,0.384,MG,TX0430035,0
TSTC,1.4,MG,TX0430036,1
TSTC,3.92,MG,TX0430037,2
TSTC,70,MG,TX0430039,4
TSTC,3.5,MG,TX0430040,3
TSTC,0.82,MG,TX0430041,1
TSTC,5.25,MG,TX0430042,1
TSTC,,,TX0430043,2
TSTC,83.75,MG,TX0430044,2
TSTC,1.5,MG,TX0430045,2
TSTC,0.53,MG,TX0430048,0
TSTC,0.55,MG,TX0430049,1
TSTC,0.117,MG,TX0430050,2
TSTC,1.3,MG,TX0430051,2
TSTC,0.7,MG,TX0430053,2
TSTC,2.4,MG,TX0430054,2
TSTC,2.28,MG,TX0430055,3
TSTC,1.05,MG,TX0430057,1
TSTC,,,TX0430060,1
TSTC,0.21,MG,TX0430077,0
TSTC,0.826,MG,TX0440001,0
TSTC,0.055,MG,TX0440002,1
TSTC,0.037,MG,TX0440016,0
TSTC,0.058,MG,TX0440018,0
TSTC,1.25,MG,TX0450001,0
TSTC,0.8,MG,TX0450002,1
TSTC,0.935,MG,TX0450004,0
TSTC,0.05,MG,TX0450014,0
TSTC,0.08,MG,TX0450015,0
TSTC,0.11,MG,TX0450016,1
TSTC,0.122,MG,TX0450021,0
TSTC,11200,GAL,TX0450022,0
TSTC,,,TX0450049,0
TSTC,,,TX0450052,0
TSTC,,,TX0450054,0
TSTC,,,TX0450064,0
TSTC,0.102,MG,TX0450069,1
TSTC,0.044,MG,TX0450087,0
TSTC,17.861,MG,TX0460001,4
TSTC,,,TX0460017,0
TSTC,6.888,MG,TX0460019,1
TSTC,0.091,MG,TX0460022,0
TSTC,0.303,MG,TX0460024,0
TSTC,2.706,MG,TX0460027,0
TSTC,0.328,MG,TX0460037,1
TSTC,0.139,MG,TX0460050,0
TSTC,0.027,MG,TX0460060,0
TSTC,0.228,MG,TX0460063,0
TSTC,0.021,MG,TX0460095,0
TSTC,0.025,MG,TX0460152,0
TSTC,0.065,MG,TX0460158,0
TSTC,0.009,MG,TX0460161,0
TSTC,3.763,MG,TX0460172,1
TSTC,0.032,MG,TX0460182,0
TSTC,,,TX0460185,0
TSTC,0.004,MG,TX0460202,0
TSTC,0.08,MG,TX0460205,0
TSTC,0.085,MG,TX0460208,1
TSTC,0.243,MG,TX0460211,1
TSTC,,,TX0460214,0
TSTC,0.128,MG,TX0460221,1
TSTC,0.045,MG,TX0460223,0
TSTC,0.138,MG,TX0460226,0
TSTC,0.027,MG,TX0460235,0
TSTC,4.336,MG,TX0460239,0
TSTC,0.17,MG,TX0460243,0
TSTC,0.8,MG,TX0460246,1
TSTC,0.264,MG,TX0460250,0
TSTC,0.621,MG,TX0460265,1
TSTC,1.95,MG,TX0470001,1
TSTC,0.244,MG,TX0470002,1
TSTC,0.06,MG,TX0470003,0
TSTC,3.675,MG,TX0470015,0
TSTC,0.02,MG,TX0470027,2
TSTC,0.12,MG,TX0470028,4
TSTC,0.25,MG,TX0480001,0
TSTC,0.081,MG,TX0480011,0
TSTC,0.1,MG,TX0480012,2
TSTC,2.461,MG,TX0480015,1
TSTC,4.07,MG,TX0490001,1
TSTC,0.7,MG,TX0490002,0
TSTC,0.29,MG,TX0490003,0
TSTC,0.236,MG,TX0490013,2
TSTC,0.06,MG,TX0490014,0
TSTC,1.4,MG,TX0490016,0
TSTC,0.015,MG,TX0490017,0
TSTC,1.441,MG,TX0490018,3
TSTC,0.043,MG,TX0490019,0
TSTC,0.088,MG,TX0490020,1
TSTC,0.372,MG,TX0490021,0
TSTC,0.536,MG,TX0490027,1
TSTC,0.017,MG,TX0490030,1
TSTC,0.012,MG,TX0490040,0
TSTC,0.034,MG,TX0490041,0
TSTC,0.034,MG,TX0490042,0
TSTC,0.13,MG,TX0490044,0
TSTC,0.024,MG,TX0490045,0
TSTC,0.233,MG,TX0490049,1
TSTC,8.871,MG,TX0500001,1
TSTC,8.31,MG,TX0500002,0
TSTC,0.286,MG,TX0500003,1
TSTC,0.05,MG,TX0500005,1
TSTC,1.555,MG,TX0500013,3
TSTC,0.261,MG,TX0500015,0
TSTC,0.28,MG,TX0500016,1
TSTC,0.21,MG,TX0500017,1
TSTC,0.498,MG,TX0500020,1
TSTC,0.4,MG,TX0500023,2
TSTC,0.16,MG,TX0500041,1
TSTC,,,TX0500043,2
TSTC,0.929,MG,TX0500044,1
TSTC,0.4,MG,TX0510001,0
TSTC,0.375,MG,TX0510004,0
TSTC,0.25,MG,TX0520001,0
TSTC,1.354,MG,TX0530012,0
TSTC,0.44,MG,TX0540001,1
TSTC,0.55,MG,TX0540002,0
TSTC,0.255,MG,TX0540003,2
TSTC,4.497,MG,TX0540015,0
TSTC,0.022,MG,TX0540017,1
TSTC,,,TX0550001,1
TSTC,,,TX0550014,0
TSTC,2.87,MG,TX0560001,0
TSTC,0.175,MG,TX0560002,0
TSTC,277.46,MG,TX0570004,1
TSTC,18,MG,TX0570006,2
TSTC,17.5,MG,TX0570007,1
TSTC,49.35,MG,TX0570010,5
TSTC,1.8,MG,TX0570012,1
TSTC,13.5,MG,TX0570013,1
TSTC,36.5,MG,TX0570014,3
TSTC,37.25,MG,TX0570015,5
TSTC,3,MG,TX0570016,3
TSTC,2.3,MG,TX0570018,2
TSTC,10.5,MG,TX0570031,2
TSTC,6.25,MG,TX0570032,4
TSTC,48.08,MG,TX0570034,1
TSTC,17.75,MG,TX0570036,2
TSTC,,,TX0570038,3
TSTC,0.835,MG,TX0570039,1
TSTC,13.5,MG,TX0570040,1
TSTC,,,TX0570044,1
TSTC,18.5,MG,TX0570047,2
TSTC,50.5,MG,TX0570048,6
TSTC,2.25,MG,TX0570049,5
TSTC,72.5,MG,TX0570050,1
TSTC,19.25,MG,TX0570056,3
TSTC,8.15,MG,TX0570057,2
TSTC,1.75,MG,TX0570059,1
TSTC,4,MG,TX0570061,1
TSTC,10,MG,TX0570078,1
TSTC,0.02,MG,TX0570082,0
TSTC,2,MG,TX0570085,1
TSTC,0.03,MG,TX0570094,0
TSTC,0.007,MG,TX0570097,0
TSTC,0.022,MG,TX0570098,0
TSTC,,,TX0570176,1
TSTC,,,TX0570186,1
TSTC,2.82,MG,TX0580001,1
TSTC,0.18,MG,TX0580011,0
TSTC,0.05,MG,TX0580013,0
TSTC,0.032,MG,TX0580025,0
TSTC,7.5,MG,TX0590001,0
TSTC,0.207,MG,TX0590002,0
TSTC,1.1,MG,TX0600001,0
TSTC,0.024,MG,TX0600012,0
TSTC,0.27,MG,TX0600017,3
TSTC,0.646,MG,TX0600018,5
TSTC,0.86,MG,TX0610001,2
TSTC,25,MG,TX0610002,0
TSTC,0.6,MG,TX0610003,1
TSTC,22.5,MG,TX0610004,4
TSTC,1.78,MG,TX0610005,0
TSTC,2.5,MG,TX0610006,1
TSTC,1.03,MG,TX0610007,1
TSTC,3.5,MG,TX0610008,1
TSTC,0.096,MG,TX0610009,0
TSTC,0.076,MG,TX0610011,0
TSTC,0.044,MG,TX0610015,0
TSTC,0.002,MG,TX0610016,0
TSTC,6.47,MG,TX0610018,1
TSTC,3.126,MG,TX0610019,4
TSTC,4.27,MG,TX0610020,4
TSTC,24.5,MG,TX0610023,2
TSTC,0.1,MG,TX0610026,0
TSTC,3.23,MG,TX0610029,3
TSTC,0.134,MG,TX0610032,0
TSTC,10,MG,TX0610035,1
TSTC,9.19,MG,TX0610036,3
TSTC,0.044,MG,TX0610037,0
TSTC,1.04,MG,TX0610039,0
TSTC,0.338,MG,TX0610040,0
TSTC,0.055,MG,TX0610041,0
TSTC,0.074,MG,TX0610045,0
TSTC,2.33,MG,TX0610049,0
TSTC,0.008,MG,TX0610051,0
TSTC,0.127,MG,TX0610052,0
TSTC,0.06,MG,TX0610059,0
TSTC,0.049,MG,TX0610060,0
TSTC,7.5,MG,TX0610065,1
TSTC,0.033,MG,TX0610068,0
TSTC,0.033,MG,TX0610070,1
TSTC,8.35,MG,TX0610080,2
TSTC,12.4,MG,TX0610081,2
TSTC,0.009,MG,TX0610084,0
TSTC,,,TX0610090,1
TSTC,2.2,MG,TX0610091,3
TSTC,0.124,MG,TX0610099,1
TSTC,0.153,MG,TX0610112,1
TSTC,,,TX0610113,1
TSTC,0.03,MG,TX0610116,0
TSTC,0.06,MG,TX0610119,0
TSTC,0.07,MG,TX0610161,0
TSTC,0.086,MG,TX0610163,0
TSTC,0.168,MG,TX0610164,2
TSTC,0.031,MG,TX0610165,0
TSTC,0.027,MG,TX0610166,0
TSTC,0.022,MG,TX0610167,0
TSTC,0.014,MG,TX0610175,0
TSTC,0.01,MG,TX0610179,0
TSTC,0.022,MG,TX0610181,0
TSTC,0.009,MG,TX0610187,0
TSTC,0.02,MG,TX0610189,0
TSTC,0.135,MG,TX0610191,0
TSTC,0.007,MG,TX0610195,0
TSTC,0.007,MG,TX0610199,0
TSTC,0.014,MG,TX0610201,0
TSTC,0.187,MG,TX0610203,0
TSTC,0.096,MG,TX0610209,1
TSTC,0.019,MG,TX0610210,0
TSTC,0.037,MG,TX0610212,0
TSTC,21.3,MG,TX0610213,1
TSTC,0.015,MG,TX0610214,0
TSTC,0.099,MG,TX0610217,0
TSTC,0.021,MG,TX0610218,0
TSTC,0.166,MG,TX0610220,0
TSTC,,,TX0610223,0
TSTC,0.011,MG,TX0610224,0
TSTC,4.6,MG,TX0610228,1
TSTC,0.005,MG,TX0610232,0
TSTC,0.07,MG,TX0610233,1
TSTC,0.011,MG,TX0610234,0
TSTC,4.95,MG,TX0610235,2
TSTC,0.044,MG,TX0610236,0
TSTC,0.035,MG,TX0610237,0
TSTC,0.066,MG,TX0610238,0
TSTC,0.005,MG,TX0610243,0
TSTC,2,MG,TX0610244,1
TSTC,0.208,MG,TX0610252,1
TSTC,0.2,MG,TX0610253,1
TSTC,0.281,MG,TX0610256,1
TSTC,0.209,MG,TX0610258,1
TSTC,0.201,MG,TX0610259,1
TSTC,0.4,MG,TX0610261,1
TSTC,,,TX0610266,1
TSTC,0.014,MG,TX0610268,0
TSTC,0.105,MG,TX0610272,1
TSTC,0.43,MG,TX0610273,1
TSTC,,,TX0610278,0
TSTC,2.8,MG,TX0620001,0
TSTC,0.257,MG,TX0620002,0
TSTC,1.5,MG,TX0620003,0
TSTC,0.5,MG,TX0620004,0
TSTC,0.148,MG,TX0630001,1
TSTC,0.02,MG,TX0630011,0
TSTC,0.42,MG,TX0630012,1
TSTC,0.076,MG,TX0630013,1
TSTC,,,TX0630014,1
TSTC,2.85,MG,TX0640002,0
TSTC,0.225,MG,TX0640011,0
TSTC,,,TX0640012,0
TSTC,0.075,MG,TX0640022,0
TSTC,0.017,MG,TX0640028,0
TSTC,0.356,MG,TX0640029,0
TSTC,0.2,MG,TX0640030,0
TSTC,0.34,MG,TX0650001,1
TSTC,0.238,MG,TX0650002,1
TSTC,0.211,MG,TX0650004,0
TSTC,10.468,MG,TX0650013,0
TSTC,0.05,MG,TX0650014,1
TSTC,0.595,MG,TX0660001,0
TSTC,2.232,MG,TX0660002,0
TSTC,1.95,MG,TX0660003,0
TSTC,0.071,MG,TX0660014,0
TSTC,,,TX0660015,0
TSTC,0.25,MG,TX0660017,1
TSTC,1.395,MG,TX0670001,0
TSTC,1.25,MG,TX0670002,1
TSTC,0.075,MG,TX0670003,1
TSTC,0.585,MG,TX0670004,1
TSTC,0.175,MG,TX0670005,0
TSTC,0.066,MG,TX0670015,1
TSTC,0.1,MG,TX0670018,1
TSTC,0.855,MG,TX0670019,0
TSTC,0.1,MG,TX0670020,1
TSTC,0.209,MG,TX0670023,2
TSTC,0.55,MG,TX0670027,2
TSTC,,,TX0670030,1
TSTC,0.051,MG,TX0670033,1
TSTC,,,TX0680002,6
TSTC,,,TX0680012,1
TSTC,0.021,MG,TX0680013,1
TSTC,,,TX0680051,0
TSTC,0.022,MG,TX0680163,0
TSTC,0.8,MG,TX0680214,0
TSTC,,,TX0680235,2
TSTC,0.06,MG,TX0690011,0
TSTC,0.375,MG,TX0690012,0
TSTC,3.5,MG,TX0700001,0
TSTC,1.1,MG,TX0700002,2
TSTC,0.245,MG,TX0700004,1
TSTC,13,MG,TX0700005,2
TSTC,0.2,MG,TX0700006,2
TSTC,0.631,MG,TX0700007,1
TSTC,16.9,MG,TX0700008,2
TSTC,0.125,MG,TX0700019,0
TSTC,0.06,MG,TX0700020,2
TSTC,0.15,MG,TX0700023,1
TSTC,,,TX0700024,1
TSTC,0.249,MG,TX0700025,1
TSTC,,,TX0700026,1
TSTC,1,MG,TX0700028,0
TSTC,3.5,MG,TX0700031,3
TSTC,12.085,MG,TX0700033,2
TSTC,5.1,MG,TX0700034,3
TSTC,2.84,MG,TX0700037,2
TSTC,4.14,MG,TX0700042,2
TSTC,0.296,MG,TX0700043,1
TSTC,0.01,MG,TX0700054,1
TSTC,0.042,MG,TX0700056,1
TSTC,0.07,MG,TX0700057,0
TSTC,0.02,MG,TX0700058,1
TSTC,0.04,MG,TX0700059,1
TSTC,0.05,MG,TX0700063,0
TSTC,0.02,MG,TX0700064,0
TSTC,1.25,MG,TX0700067,2
TSTC,0.048,MG,TX0700070,0
TSTC,0.025,MG,TX0700071,0
TSTC,0.01,MG,TX0700080,0
TSTC,,,TX0700081,1
TSTC,,,TX0710001,0
TSTC,233.67,MG,TX0710002,0
TSTC,6.6,MG,TX0710005,0
TSTC,,,TX0710009,1
TSTC,1,MG,TX0710018,0
TSTC,0.342,MG,TX0710019,0
TSTC,,,TX0710020,2
TSTC,,,TX0710050,0
TSTC,,,TX0710066,0
TSTC,,,TX0710067,0
TSTC,,,TX0710071,0
TSTC,,,TX0710076,0
TSTC,2.6,MG,TX0710078,2
TSTC,,,TX0710091,1
TSTC,0.005,MG,TX0710102,0
TSTC,,,TX0710112,1
TSTC,0.01,MG,TX0710139,0
TSTC,,,TX0710151,1
TSTC,6.9,MG,TX0710154,2
TSTC,,,TX0710158,0
TSTC,,,TX0710169,0
TSTC,,,TX0710172,0
TSTC,,,TX0710178,1
TSTC,,,TX0710186,1
TSTC,6.5,MG,TX0710187,4
TSTC,0.5,MG,TX0720001,1
TSTC,7,MG,TX0720002,1
TSTC,0.252,MG,TX0720012,0
TSTC,0.083,MG,TX0720013,1
TSTC,0.042,MG,TX0720020,0
TSTC,0.028,MG,TX0720021,0
TSTC,0.01,MG,TX0720027,0
TSTC,,,TX0720028,1
TSTC,0.016,MG,TX0720033,0
TSTC,0.009,MG,TX0720034,0
TSTC,0.03,MG,TX0720036,0
TSTC,0.151,MG,TX0720037,0
TSTC,0.012,MG,TX0720045,0
TSTC,0.004,MG,TX0720054,0
TSTC,0.005,MG,TX0720057,0
TSTC,0.02,MG,TX0720058,0
TSTC,0.005,MG,TX0720059,0
TSTC,0.01,MG,TX0720061,0
TSTC,0.224,MG,TX0730001,1
TSTC,2.32,MG,TX0730002,0
TSTC,0.5,MG,TX0730003,1
TSTC,1.748,MG,TX0730004,0
TSTC,0.086,MG,TX0730005,1
TSTC,0.362,MG,TX0730013,0
TSTC,0.03,MG,TX0730015,2
TSTC,0.025,MG,TX0730019,1
TSTC,0.472,MG,TX0730021,1
TSTC,0.03,MG,TX0730024,0
TSTC,2.35,MG,TX0740001,1
TSTC,0.165,MG,TX0740002,0
TSTC,0.45,MG,TX0740003,1
TSTC,0.355,MG,TX0740004,0
TSTC,0.35,MG,TX0740005,1
TSTC,0.15,MG,TX0740006,1
TSTC,0.2,MG,TX0740007,1
TSTC,0.122,MG,TX0740008,1
TSTC,0.27,MG,TX0740009,1
TSTC,0.417,MG,TX0740019,1
TSTC,0.06,MG,TX0740021,0
TSTC,0.04,MG,TX0740023,1
TSTC,0.064,MG,TX0740024,0
TSTC,0.027,MG,TX0740027,1
TSTC,5.16,MG,TX0740031,0
TSTC,0.36,MG,TX0740034,0
TSTC,0.43,MG,TX0740035,1
TSTC,0.09,MG,TX0740036,1
TSTC,0.093,MG,TX0740038,0
TSTC,,,TX0740039,1
TSTC,0.75,MG,TX0740044,4
TSTC,1,MG,TX0740051,0
TSTC,7,MG,TX0740055,0
TSTC,0.11,MG,TX0750001,0
TSTC,0.825,MG,TX0750002,0
TSTC,1.804,MG,TX0750003,2
TSTC,1.675,MG,TX0750004,0
TSTC,0.16,MG,TX0750007,0
TSTC,0.29,MG,TX0750009,1
TSTC,0.051,MG,TX0750014,0
TSTC,1.706,MG,TX0750022,2
TSTC,0.248,MG,TX0750034,0
TSTC,0.36,MG,TX0760001,1
TSTC,0.3,MG,TX0760002,2
TSTC,0.12,MG,TX0760012,5
TSTC,0.086,MG,TX0760013,3
TSTC,1.1,MG,TX0770001,1
TSTC,1.48,MG,TX0770002,1
TSTC,0.05,MG,TX0770013,0
TSTC,0.225,MG,TX0780001,1
TSTC,0.073,MG,TX0780013,1
TSTC,0.066,MG,TX0780014,2
TSTC,0.475,MG,TX0790001,0
TSTC,6.791,MG,TX0790003,4
TSTC,,,TX0790004,5
TSTC,,,TX0790005,4
TSTC,0.151,MG,TX0790014,1
TSTC,,,TX0790018,0
TSTC,5.71,MG,TX0790023,1
TSTC,,,TX0790025,1
TSTC,,,TX0790028,6
TSTC,,,TX0790033,4
TSTC,0.122,MG,TX0790037,0
TSTC,,,TX0790038,5
TSTC,,,TX0790049,2
TSTC,,,TX0790050,1
TSTC,,,TX0790051,2
TSTC,0.45,MG,TX0790085,0
TSTC,0.635,MG,TX0790112,1
TSTC,2.16,MG,TX0790130,0
TSTC,2.93,MG,TX0790132,1
TSTC,2.659,MG,TX0790133,1
TSTC,,,TX0790137,3
TSTC,0.035,MG,TX0790144,0
TSTC,,,TX0790146,3
TSTC,,,TX0790155,1
TSTC,1.5,MG,TX0790158,4
TSTC,1.4,MG,TX0790174,3
TSTC,0.22,MG,TX0790189,2
TSTC,,,TX0790199,4
TSTC,2.038,MG,TX0790200,4
TSTC,,,TX0790207,4
TSTC,,,TX0790216,2
TSTC,,,TX0790220,3
TSTC,0.333,MG,TX0790229,2
TSTC,,,TX0790230,4
TSTC,1.42,MG,TX0790237,2
TSTC,2.25,MG,TX0790253,0
TSTC,,,TX0790254,2
TSTC,,,TX0790256,2
TSTC,0.022,MG,TX0790261,0
TSTC,,,TX0790267,3
TSTC,1.932,MG,TX0790268,0
TSTC,5.47,MG,TX0790274,0
TSTC,0.5,MG,TX0790277,4
TSTC,,,TX0790291,1
TSTC,,,TX0790292,1
TSTC,1.5,MG,TX0790296,4
TSTC,,,TX0790306,1
TSTC,,,TX0790307,1
TSTC,,,TX0790309,1
TSTC,,,TX0790315,5
TSTC,,,TX0790316,1
TSTC,,,TX0790323,4
TSTC,,,TX0790324,1
TSTC,0.8,MG,TX0790332,4
TSTC,,,TX0790343,1
TSTC,,,TX0790344,1
TSTC,,,TX0790345,1
TSTC,0.84,MG,TX0790347,2
TSTC,0.132,MG,TX0790350,0
TSTC,,,TX0790354,1
TSTC,1.5,MG,TX0790356,5
TSTC,0.066,MG,TX0790363,0
TSTC,0.33,MG,TX0790364,0
TSTC,,,TX0790366,2
TSTC,0.5,MG,TX0790367,1
TSTC,0.375,MG,TX0790368,1
TSTC,0.463,MG,TX0790371,0
TSTC,3.887,MG,TX0790373,2
TSTC,,,TX0790376,1
TSTC,0.52,MG,TX0790382,2
TSTC,,,TX0790383,0
TSTC,0.084,MG,TX0790385,0
TSTC,,,TX0790386,1
TSTC,,,TX0790387,3
TSTC,0.011,MG,TX0790389,0
TSTC,0.6,MG,TX0790393,1
TSTC,0.063,MG,TX0790396,0
TSTC,,,TX0790403,3
TSTC,0.065,MG,TX0790405,0
TSTC,,,TX0790410,4
TSTC,0.318,MG,TX0790412,1
TSTC,,,TX0790414,0
TSTC,0.856,MG,TX0790416,6
TSTC,,,TX0790422,1
TSTC,0.065,MG,TX0790423,0
TSTC,0.104,MG,TX0790425,0
TSTC,0.012,MG,TX0790428,0
TSTC,2.33,MG,TX0790429,1
TSTC,2.665,MG,TX0790430,4
TSTC,,,TX0790433,1
TSTC,1.001,MG,TX0790435,2
TSTC,,,TX0790437,2
TSTC,2.8,MG,TX0790438,2
TSTC,0.044,MG,TX0790440,1
TSTC,2.4,MG,TX0790443,1
TSTC,0.286,MG,TX0790444,3
TSTC,,,TX0790445,1
TSTC,,,TX0790446,1
TSTC,,,TX0790449,1
TSTC,0.636,MG,TX0790450,0
TSTC,0.065,MG,TX0790451,1
TSTC,,,TX0790452,1
TSTC,0.985,MG,TX0790455,2
TSTC,1.305,MG,TX0790458,2
TSTC,0.231,MG,TX0790459,0
TSTC,0.306,MG,TX0790462,0
TSTC,,,TX0790466,1
TSTC,,,TX0790468,1
TSTC,,,TX0790470,2
TSTC,,,TX0790472,2
TSTC,1.222,MG,TX0790474,1
TSTC,1.84,MG,TX0790477,1
TSTC,,,TX0790478,1
TSTC,0.032,MG,TX0790479,0
TSTC,,,TX0790481,1
TSTC,0.632,MG,TX0790482,1
TSTC,,,TX0790486,1
TSTC,,,TX0790487,1
TSTC,,,TX0790488,1
TSTC,,,TX0790489,1
TSTC,,,TX0790491,1
TSTC,,,TX0790493,1
TSTC,,,TX0790494,1
TSTC,,,TX0790495,1
TSTC,0.245,MG,TX0790497,1
TSTC,,,TX0790498,2
TSTC,1.08,MG,TX0790500,4
TSTC,0.75,MG,TX0790501,3
TSTC,,,TX0790502,1
TSTC,,,TX0790504,0
TSTC,0.02,MG,TX0790510,0
TSTC,,,TX0790511,1
TSTC,0.5,MG,TX0790517,2
TSTC,,,TX0790520,2
TSTC,,,TX0790521,1
TSTC,,,TX0790522,1
TSTC,,,TX0790532,1
TSTC,,,TX0790533,1
TSTC,,,TX0790537,0
TSTC,,,TX0790541,1
TSTC,,,TX0790543,1
TSTC,0.2,MG,TX0790548,2
TSTC,0.312,MG,TX0790550,0
TSTC,,,TX0790553,1
TSTC,,,TX0790559,1
TSTC,,,TX0790560,2
TSTC,,,TX0790562,1
TSTC,,,TX0790566,2
TSTC,0.146,MG,TX0790573,0
TSTC,0.635,MG,TX0790574,1
TSTC,0.2,MG,TX0790580,0
TSTC,,,TX0790582,1
TSTC,,,TX0790588,1
TSTC,,,TX0790592,0
TSTC,,,TX0790593,0
TSTC,0.49,MG,TX0790597,1
TSTC,,,TX0790601,0
TSTC,,,TX0790602,1
TSTC,,,TX0790607,2
TSTC,,,TX0790609,0
TSTC,,,TX0790612,0
TSTC,,,TX0790614,2
TSTC,,,TX0790630,1
TSTC,,,TX0790656,0
TSTC,0.8,MG,TX0800001,1
TSTC,1.872,MG,TX0800003,2
TSTC,0.058,MG,TX0800012,1
TSTC,0.485,MG,TX0800016,1
TSTC,1.5,MG,TX0810001,1
TSTC,1.215,MG,TX0810002,0
TSTC,0.553,MG,TX0810003,2
TSTC,0.42,MG,TX0810005,0
TSTC,0.055,MG,TX0810010,0
TSTC,0.04,MG,TX0810011,0
TSTC,0.265,MG,TX0810013,0
TSTC,0.17,MG,TX0810015,0
TSTC,0.145,MG,TX0810016,0
TSTC,0.035,MG,TX0810017,0
TSTC,0.035,MG,TX0810018,0
TSTC,0.05,MG,TX0810019,0
TSTC,0.03,MG,TX0810022,0
TSTC,0.102,MG,TX0810024,0
TSTC,,,TX0810029,0
TSTC,0.021,MG,TX0810031,0
TSTC,0.01,MG,TX0810033,0
TSTC,0.172,MG,TX0810034,0
TSTC,0.45,MG,TX0810037,0
TSTC,0.034,MG,TX0810038,0
TSTC,1.3,MG,TX0820001,0
TSTC,2.15,MG,TX0820002,0
TSTC,0.11,MG,TX0820012,0
TSTC,0.015,MG,TX0820016,0
TSTC,,,TX0830001,0
TSTC,0.1,MG,TX0830011,0
TSTC,2.792,MG,TX0830012,1
TSTC,0.63,MG,TX0830023,0
TSTC,,,TX0830037,0
TSTC,5.148,MG,TX0840001,2
TSTC,5.4,MG,TX0840002,2
TSTC,30.7,MG,TX0840003,3
TSTC,,,TX0840004,2
TSTC,,,TX0840006,2
TSTC,23.08,MG,TX0840007,14
TSTC,8.097,MG,TX0840008,3
TSTC,1.025,MG,TX0840009,4
TSTC,,,TX0840010,2
TSTC,,,TX0840011,3
TSTC,0.568,MG,TX0840021,2
TSTC,,,TX0840028,0
TSTC,,,TX0840030,1
TSTC,1.385,MG,TX0840031,3
TSTC,0.888,MG,TX0840036,2
TSTC,5.25,MG,TX0840044,1
TSTC,,,TX0840046,0
TSTC,,,TX0840057,2
TSTC,2,MG,TX0840063,2
TSTC,,,TX0840080,0
TSTC,10.088,MG,TX0840153,2
TSTC,,,TX0840187,0
TSTC,15400,GAL,TX0840229,0
TSTC,,,TX0840267,0
TSTC,,,TX0840287,1
TSTC,3.34,MG,TX0850001,2
TSTC,0.1,MG,TX0850014,0
TSTC,7,MG,TX0860001,1
TSTC,0.044,MG,TX0860005,0
TSTC,0.013,MG,TX0860006,0
TSTC,0.028,MG,TX0860010,0
TSTC,,,TX0860080,0
TSTC,0.032,MG,TX0860086,0
TSTC,0.028,MG,TX0860090,0
TSTC,0.031,MG,TX0860098,0
TSTC,0.031,MG,TX0860100,0
TSTC,0.1,MG,TX0860104,0
TSTC,0.15,MG,TX0860106,0
TSTC,0.015,MG,TX0860107,0
TSTC,0.01,MG,TX0860113,0
TSTC,,,TX0860136,0
TSTC,0.043,MG,TX0860144,0
TSTC,0.304,MG,TX0870011,0
TSTC,0.85,MG,TX0880001,0
TSTC,0.033,MG,TX0880010,0
TSTC,0.309,MG,TX0880011,0
TSTC,0.206,MG,TX0880012,0
TSTC,5.09,MG,TX0890001,0
TSTC,1.162,MG,TX0890002,0
TSTC,0.6,MG,TX0890003,0
TSTC,0.368,MG,TX0890004,1
TSTC,0.06,MG,TX0890005,0
TSTC,1.991,MG,TX0890006,4
TSTC,0.168,MG,TX0900001,0
TSTC,0.87,MG,TX0900002,0
TSTC,10.2,MG,TX0900003,1
TSTC,0.02,MG,TX0900027,0
TSTC,0.65,MG,TX0900041,0
TSTC,0.525,MG,TX0910001,1
TSTC,8.335,MG,TX0910003,0
TSTC,0.5,MG,TX0910004,2
TSTC,0.539,MG,TX0910005,0
TSTC,22.82,MG,TX0910006,1
TSTC,0.325,MG,TX0910007,0
TSTC,0.402,MG,TX0910008,0
TSTC,0.963,MG,TX0910009,3
TSTC,1.675,MG,TX0910010,0
TSTC,0.495,MG,TX0910011,1
TSTC,0.335,MG,TX0910012,1
TSTC,1.1,MG,TX0910013,3
TSTC,0.15,MG,TX0910014,0
TSTC,1.18,MG,TX0910022,0
TSTC,0.35,MG,TX0910028,2
TSTC,1.204,MG,TX0910032,0
TSTC,0.36,MG,TX0910033,1
TSTC,0.323,MG,TX0910034,1
TSTC,0.277,MG,TX0910035,2
TSTC,0.32,MG,TX0910037,0
TSTC,0.02,MG,TX0910038,1
TSTC,0.125,MG,TX0910040,1
TSTC,0.024,MG,TX0910045,1
TSTC,0.761,MG,TX0910046,1
TSTC,0.052,MG,TX0910047,0
TSTC,0.083,MG,TX0910048,0
TSTC,0.548,MG,TX0910052,2
TSTC,0.4,MG,TX0910055,0
TSTC,0.97,MG,TX0910060,0
TSTC,2.897,MG,TX0910064,0
TSTC,0.021,MG,TX0910072,0
TSTC,,,TX0910085,1
TSTC,,,TX0910126,1
TSTC,0.46,MG,TX0910137,0
TSTC,0.022,MG,TX0910139,0
TSTC,,,TX0910140,1
TSTC,,,TX0910146,1
TSTC,0.28,MG,TX0910147,1
TSTC,0.5,MG,TX0910148,4
TSTC,,,TX0910153,1
TSTC,1.55,MG,TX0920001,0
TSTC,5.878,MG,TX0920003,0
TSTC,12.366,MG,TX0920004,0
TSTC,3.3,MG,TX0920006,1
TSTC,0.538,MG,TX0920010,1
TSTC,1.05,MG,TX0920016,1
TSTC,2.1,MG,TX0920019,6
TSTC,,,TX0920020,3
TSTC,1.566,MG,TX0920021,3
TSTC,0.685,MG,TX0920022,1
TSTC,0.096,MG,TX0920023,0
TSTC,0.066,MG,TX0920026,1
TSTC,0.021,MG,TX0920028,1
TSTC,0.017,MG,TX0920031,0
TSTC,0.1,MG,TX0920040,1
TSTC,2.15,MG,TX0930001,0
TSTC,1.06,MG,TX0930003,1
TSTC,,,TX0930006,0
TSTC,0.168,MG,TX0930011,0
TSTC,0.08,MG,TX0930012,0
TSTC,0.037,MG,TX0930014,0
TSTC,0.022,MG,TX0930015,0
TSTC,,,TX0930016,0
TSTC,0.485,MG,TX0930033,0
TSTC,0.362,MG,TX0930034,0
TSTC,0.02,MG,TX0930035,1
TSTC,,,TX0930036,0
TSTC,,,TX0930042,0
TSTC,,,TX0930046,0
TSTC,0.384,MG,TX0930048,1
TSTC,0.274,MG,TX0930049,1
TSTC,0.03,MG,TX0930052,0
TSTC,0.042,MG,TX0930054,0
TSTC,0.3,MG,TX0940001,2
TSTC,9.15,MG,TX0940002,1
TSTC,14.5,MG,TX0940003,1
TSTC,3.784,MG,TX0940015,5
TSTC,6,MG,TX0940018,6
TSTC,6.015,MG,TX0940020,5
TSTC,4.822,MG,TX0940022,7
TSTC,0.015,MG,TX0940029,0
TSTC,,,TX0940030,1
TSTC,0.049,MG,TX0940085,0
TSTC,14.068,MG,TX0940091,0
TSTC,0.006,MG,TX0940092,0
TSTC,15.1,MG,TX0940094,1
TSTC,8.48,MG,TX0940096,0
TSTC,,,TX0940097,1
TSTC,,,TX0940098,1
TSTC,1.653,MG,TX0950001,0
TSTC,0.885,MG,TX0950002,0
TSTC,0.925,MG,TX0950003,0
TSTC,8.2,MG,TX0950004,1
TSTC,0.05,MG,TX0950014,0
TSTC,0.068,MG,TX0950015,0
TSTC,0.05,MG,TX0950016,0
TSTC,,,TX0950047,0
TSTC,,,TX0950059,0
TSTC,,,TX0950064,0
TSTC,0.424,MG,TX0950065,1
TSTC,,,TX0950070,0
TSTC,,,TX0950071,0
TSTC,0.112,MG,TX0960001,2
TSTC,1.84,MG,TX0960002,1
TSTC,0.274,MG,TX0960003,0
TSTC,0.041,MG,TX0960013,0
TSTC,0.05,MG,TX0960014,0
TSTC,0,MG,TX0960016,1
TSTC,,,TX0960019,1
TSTC,1.683,MG,TX0970001,1
TSTC,0.35,MG,TX0970002,0
TSTC,1.35,MG,TX0980001,0
TSTC,0.024,MG,TX0980003,0
TSTC,0.7,MG,TX0980004,0
TSTC,0.3,MG,TX0990001,2
TSTC,0.5,MG,TX0990002,1
TSTC,,,TX0990003,1
TSTC,,,TX0990004,1
TSTC,,,TX0990012,1
TSTC,,,TX0990013,1
TSTC,,,TX0990044,1
TSTC,0.615,MG,TX1000001,0
TSTC,2.275,MG,TX1000002,0
TSTC,0.35,MG,TX1000003,0
TSTC,0.75,MG,TX1000015,0
TSTC,0.149,MG,TX1000016,0
TSTC,0.229,MG,TX1000018,0
TSTC,,,TX1000030,0
TSTC,2.6,MG,TX1000035,0
TSTC,0.044,MG,TX1000037,0
TSTC,,,TX1000038,0
TSTC,,,TX1000053,0
TSTC,0.495,MG,TX1000055,0
TSTC,,,TX1000060,0
TSTC,0.04,MG,TX1000061,0
TSTC,,,TX1000062,0
TSTC,,,TX1000065,0
TSTC,,,TX1000067,0
TSTC,,,TX1000069,0
TSTC,,,TX1000070,0
TSTC,,,TX1000071,0
TSTC,,,TX1000081,0
TSTC,7.4,MG,TX1010003,1
TSTC,3.5,MG,TX1010004,2
TSTC,6.5,MG,TX1010007,1
TSTC,,,TX1010009,2
TSTC,0.335,MG,TX1010011,0
TSTC,0.35,MG,TX1010012,0
TSTC,,,TX1010013,7
TSTC,5.225,MG,TX1010014,1
TSTC,,,TX1010015,1
TSTC,,,TX1010016,3
TSTC,7.25,MG,TX1010017,3
TSTC,3.727,MG,TX1010018,1
TSTC,0.489,MG,TX1010022,1
TSTC,0.27,MG,TX1010023,1
TSTC,2.15,MG,TX1010026,0
TSTC,3.65,MG,TX1010027,2
TSTC,,,TX1010028,0
TSTC,11.892,MG,TX1010056,6
TSTC,1,MG,TX1010062,1
TSTC,0.55,MG,TX1010063,2
TSTC,,,TX1010077,0
TSTC,0.03,MG,TX1010078,1
TSTC,,,TX1010082,1
TSTC,0.021,MG,TX1010085,0
TSTC,0.234,MG,TX1010087,4
TSTC,0.036,MG,TX1010092,0
TSTC,0.24,MG,TX1010096,1
TSTC,0.168,MG,TX1010098,1
TSTC,,,TX1010099,0
TSTC,0.132,MG,TX1010100,0
TSTC,0.75,MG,TX1010106,2
TSTC,0.077,MG,TX1010111,0
TSTC,,,TX1010112,1
TSTC,,,TX1010113,3
TSTC,,,TX1010116,0
TSTC,0.42,MG,TX1010117,2
TSTC,1.127,MG,TX1010118,0
TSTC,0.065,MG,TX1010119,0
TSTC,0.049,MG,TX1010120,0
TSTC,,,TX1010122,0
TSTC,0.943,MG,TX1010124,1
TSTC,0.19,MG,TX1010127,0
TSTC,0,"",TX1010130,0
TSTC,0.044,MG,TX1010132,0
TSTC,0.14,MG,TX1010145,0
TSTC,3.1,MG,TX1010148,3
TSTC,,,TX1010152,2
TSTC,0.043,MG,TX1010157,0
TSTC,0.87,MG,TX1010159,1
TSTC,0.05,MG,TX1010162,0
TSTC,0.374,MG,TX1010172,1
TSTC,,,TX1010180,0
TSTC,0.066,MG,TX1010188,1
TSTC,0.024,MG,TX1010192,0
TSTC,0.034,MG,TX1010196,0
TSTC,0.055,MG,TX1010197,0
TSTC,0.17,MG,TX1010201,1
TSTC,0.125,MG,TX1010205,1
TSTC,,,TX1010207,2
TSTC,0.395,MG,TX1010209,0
TSTC,1.4,MG,TX1010210,1
TSTC,0.27,MG,TX1010212,0
TSTC,0.063,MG,TX1010213,0
TSTC,0.63,MG,TX1010214,1
TSTC,0.021,MG,TX1010216,0
TSTC,,,TX1010218,1
TSTC,15200,GAL,TX1010219,0
TSTC,,,TX1010220,0
TSTC,3.025,MG,TX1010226,5
TSTC,0.025,MG,TX1010230,0
TSTC,,,TX1010233,4
TSTC,,,TX1010235,0
TSTC,2.54,MG,TX1010237,6
TSTC,,,TX1010238,6
TSTC,,,TX1010239,3
TSTC,0.7,MG,TX1010241,2
TSTC,0.341,MG,TX1010244,0
TSTC,0.745,MG,TX1010249,3
TSTC,0.066,MG,TX1010252,0
TSTC,0.022,MG,TX1010254,0
TSTC,0.054,MG,TX1010255,0
TSTC,,,TX1010260,5
TSTC,,,TX1010261,2
TSTC,0.032,MG,TX1010264,0
TSTC,,,TX1010274,1
TSTC,,,TX1010277,2
TSTC,1.8,MG,TX1010278,3
TSTC,0.42,MG,TX1010279,3
TSTC,0.012,MG,TX1010283,0
TSTC,,,TX1010285,0
TSTC,0.055,MG,TX1010287,0
TSTC,0.044,MG,TX1010288,0
TSTC,0.984,MG,TX1010292,2
TSTC,24.25,MG,TX1010293,5
TSTC,4.416,MG,TX1010294,5
TSTC,0.408,MG,TX1010298,2
TSTC,0.044,MG,TX1010307,0
TSTC,,,TX1010317,3
TSTC,0.048,MG,TX1010322,0
TSTC,1.1,MG,TX1010331,1
TSTC,,,TX1010334,0
TSTC,2.3,MG,TX1010337,1
TSTC,0.028,MG,TX1010339,0
TSTC,0.82,MG,TX1010340,3
TSTC,14.078,MG,TX1010348,0
TSTC,,,TX1010349,0
TSTC,,,TX1010354,0
TSTC,0.84,MG,TX1010355,1
TSTC,0.28,MG,TX1010357,4
TSTC,,,TX1010359,2
TSTC,2.214,MG,TX1010362,1
TSTC,,,TX1010365,3
TSTC,0.25,MG,TX1010378,1
TSTC,2.94,MG,TX1010379,5
TSTC,,,TX1010384,5
TSTC,0.8,MG,TX1010386,4
TSTC,2.275,MG,TX1010387,2
TSTC,0.239,MG,TX1010388,0
TSTC,0.08,MG,TX1010389,1
TSTC,0.86,MG,TX1010390,3
TSTC,0.011,MG,TX1010410,0
TSTC,0.42,MG,TX1010413,2
TSTC,1.9,MG,TX1010418,2
TSTC,0.252,MG,TX1010419,1
TSTC,1,MG,TX1010422,3
TSTC,,,TX1010426,3
TSTC,2.17,MG,TX1010429,3
TSTC,0.84,MG,TX1010430,3
TSTC,0.672,MG,TX1010431,0
TSTC,0.42,MG,TX1010432,4
TSTC,1.14,MG,TX1010435,6
TSTC,,,TX1010439,2
TSTC,,,TX1010440,4
TSTC,2,MG,TX1010447,1
TSTC,0.064,MG,TX1010459,0
TSTC,1.34,MG,TX1010467,3
TSTC,,,TX1010469,0
TSTC,1,MG,TX1010471,0
TSTC,1.05,MG,TX1010480,0
TSTC,1.61,MG,TX1010482,4
TSTC,1.94,MG,TX1010494,4
TSTC,1.044,MG,TX1010495,4
TSTC,,,TX1010496,2
TSTC,,,TX1010500,5
TSTC,,,TX1010501,2
TSTC,1.43,MG,TX1010503,4
TSTC,,,TX1010507,5
TSTC,,,TX1010509,3
TSTC,0.85,MG,TX1010512,3
TSTC,0.01,MG,TX1010514,0
TSTC,0.024,MG,TX1010517,0
TSTC,0.042,MG,TX1010520,0
TSTC,0.296,MG,TX1010532,1
TSTC,,,TX1010533,0
TSTC,0.5,MG,TX1010535,1
TSTC,0.63,MG,TX1010536,1
TSTC,,,TX1010538,7
TSTC,1.268,MG,TX1010539,3
TSTC,1.42,MG,TX1010540,2
TSTC,1.42,MG,TX1010541,8
TSTC,,,TX1010545,0
TSTC,,,TX1010548,4
TSTC,2.38,MG,TX1010554,2
TSTC,,,TX1010565,3
TSTC,,,TX1010566,0
TSTC,1.96,MG,TX1010572,3
TSTC,,,TX1010574,0
TSTC,,,TX1010578,0
TSTC,,,TX1010581,4
TSTC,0.044,MG,TX1010583,0
TSTC,,,TX1010584,0
TSTC,,,TX1010587,2
TSTC,,,TX1010590,1
TSTC,1.419,MG,TX1010592,1
TSTC,3.32,MG,TX1010593,2
TSTC,,,TX1010599,4
TSTC,,,TX1010600,2
TSTC,,,TX1010603,0
TSTC,,,TX1010613,0
TSTC,0.92,MG,TX1010615,1
TSTC,,,TX1010616,4
TSTC,0.96,MG,TX1010617,1
TSTC,,,TX1010620,3
TSTC,0.044,MG,TX1010622,0
TSTC,0.42,MG,TX1010625,1
TSTC,1.14,MG,TX1010626,2
TSTC,,,TX1010628,0
TSTC,,,TX1010629,0
TSTC,1.365,MG,TX1010630,3
TSTC,1.05,MG,TX1010631,1
TSTC,,,TX1010632,3
TSTC,2.75,MG,TX1010634,3
TSTC,,,TX1010635,4
TSTC,0.046,MG,TX1010639,0
TSTC,,,TX1010640,0
TSTC,0.377,MG,TX1010647,1
TSTC,,,TX1010648,0
TSTC,0.735,MG,TX1010649,2
TSTC,,,TX1010651,0
TSTC,1.504,MG,TX1010654,4
TSTC,,,TX1010658,0
TSTC,,,TX1010663,0
TSTC,,,TX1010667,0
TSTC,0.126,MG,TX1010670,0
TSTC,,,TX1010674,0
TSTC,,,TX1010675,0
TSTC,1.22,MG,TX1010678,2
TSTC,0.05,MG,TX1010681,0
TSTC,0.42,MG,TX1010684,1
TSTC,,,TX1010686,0
TSTC,0.46,MG,TX1010687,1
TSTC,,,TX1010689,0
TSTC,,,TX1010691,0
TSTC,0.024,MG,TX1010700,0
TSTC,,,TX1010712,1
TSTC,2.19,MG,TX1010715,1
TSTC,,,TX1010718,1
TSTC,0.818,MG,TX1010719,0
TSTC,,,TX1010720,7
TSTC,,,TX1010721,3
TSTC,0.48,MG,TX1010728,1
TSTC,,,TX1010737,0
TSTC,,,TX1010743,0
TSTC,0.5,MG,TX1010745,1
TSTC,0.73,MG,TX1010750,2
TSTC,0.011,MG,TX1010751,0
TSTC,0.57,MG,TX1010758,2
TSTC,,,TX1010760,0
TSTC,,,TX1010763,0
TSTC,,,TX1010767,5
TSTC,0.611,MG,TX1010768,1
TSTC,3.7,MG,TX1010769,3
TSTC,,,TX1010774,4
TSTC,,,TX1010782,4
TSTC,,,TX1010788,0
TSTC,,,TX1010795,0
TSTC,,,TX1010805,0
TSTC,,,TX1010809,1
TSTC,0.017,MG,TX1010810,0
TSTC,,,TX1010811,0
TSTC,,,TX1010821,0
TSTC,,,TX1010825,0
TSTC,0.022,MG,TX1010826,0
TSTC,,,TX1010832,0
TSTC,,,TX1010863,1
TSTC,0.04,MG,TX1010870,0
TSTC,1.349,MG,TX1010872,4
TSTC,,,TX1010877,0
TSTC,0.85,MG,TX1010883,2
TSTC,4.558,MG,TX1010884,4
TSTC,,,TX1010887,0
TSTC,,,TX1010896,3
TSTC,0.84,MG,TX1010897,3
TSTC,0.5,MG,TX1010901,1
TSTC,,,TX1010902,2
TSTC,1.4,MG,TX1010903,2
TSTC,,,TX1010905,3
TSTC,0.01,MG,TX1010908,1
TSTC,1.14,MG,TX1010910,3
TSTC,,,TX1010914,0
TSTC,0.189,MG,TX1010915,1
TSTC,0.016,MG,TX1010916,1
TSTC,,,TX1010919,5
TSTC,0.473,MG,TX1010923,3
TSTC,0.84,MG,TX1010924,4
TSTC,,,TX1010925,1
TSTC,,,TX1010927,0
TSTC,0.096,MG,TX1010931,0
TSTC,0.858,MG,TX1010938,1
TSTC,,,TX1010945,0
TSTC,,,TX1010947,0
TSTC,0.021,MG,TX1010978,1
TSTC,0.42,MG,TX1011008,2
TSTC,0.466,MG,TX1011014,1
TSTC,0.533,MG,TX1011019,2
TSTC,,,TX1011028,0
TSTC,,,TX1011029,3
TSTC,0.085,MG,TX1011032,1
TSTC,,,TX1011049,1
TSTC,0.065,MG,TX1011071,0
TSTC,,,TX1011084,0
TSTC,34575,GAL,TX1011101,0
TSTC,1.05,MG,TX1011107,3
TSTC,,,TX1011112,0
TSTC,0.024,MG,TX1011120,0
TSTC,0.51,MG,TX1011143,3
TSTC,,,TX1011162,5
TSTC,,,TX1011183,0
TSTC,,,TX1011184,2
TSTC,0.02,MG,TX1011186,0
TSTC,,,TX1011209,0
TSTC,0.045,MG,TX1011219,0
TSTC,0.525,MG,TX1011226,2
TSTC,,,TX1011227,4
TSTC,0.042,MG,TX1011236,0
TSTC,,,TX1011237,2
TSTC,0.318,MG,TX1011238,1
TSTC,0.426,MG,TX1011242,3
TSTC,,,TX1011243,2
TSTC,,,TX1011249,5
TSTC,,,TX1011250,3
TSTC,0.505,MG,TX1011252,2
TSTC,,,TX1011253,0
TSTC,,,TX1011256,0
TSTC,0.5,MG,TX1011258,1
TSTC,0.14,MG,TX1011260,1
TSTC,,,TX1011268,0
TSTC,,,TX1011296,2
TSTC,0.031,MG,TX1011302,0
TSTC,1.62,MG,TX1011410,2
TSTC,,,TX1011430,7
TSTC,0.021,MG,TX1011433,0
TSTC,,,TX1011459,0
TSTC,0.633,MG,TX1011462,3
TSTC,,,TX1011475,1
TSTC,,,TX1011492,0
TSTC,0.063,MG,TX1011493,1
TSTC,,,TX1011501,0
TSTC,0.032,MG,TX1011510,0
TSTC,,,TX1011513,2
TSTC,,,TX1011515,0
TSTC,,,TX1011521,0
TSTC,,,TX1011522,5
TSTC,,,TX1011528,1
TSTC,0.84,MG,TX1011534,3
TSTC,,,TX1011536,0
TSTC,2.634,MG,TX1011550,3
TSTC,0.013,MG,TX1011551,0
TSTC,,,TX1011552,0
TSTC,,,TX1011553,0
TSTC,0.02,MG,TX1011556,0
TSTC,,,TX1011567,0
TSTC,1.435,MG,TX1011585,0
TSTC,0.3,MG,TX1011593,1
TSTC,0.2,MG,TX1011594,1
TSTC,1.8,MG,TX1011599,2
TSTC,,,TX1011600,4
TSTC,1,MG,TX1011602,4
TSTC,0.408,MG,TX1011603,3
TSTC,,,TX1011612,6
TSTC,,,TX1011613,4
TSTC,,,TX1011632,0
TSTC,0.014,MG,TX1011633,0
TSTC,,,TX1011638,0
TSTC,0.955,MG,TX1011642,4
TSTC,0.079,MG,TX1011647,0
TSTC,1.05,MG,TX1011649,0
TSTC,0.045,MG,TX1011651,0
TSTC,,,TX1011678,3
TSTC,,,TX1011679,2
TSTC,,,TX1011681,5
TSTC,0.71,MG,TX1011685,3
TSTC,,,TX1011687,0
TSTC,,,TX1011689,3
TSTC,0.858,MG,TX1011690,5
TSTC,0.9,MG,TX1011692,1
TSTC,0.425,MG,TX1011704,1
TSTC,1,MG,TX1011705,6
TSTC,,,TX1011708,0
TSTC,0.044,MG,TX1011713,0
TSTC,0.088,MG,TX1011714,0
TSTC,,,TX1011718,5
TSTC,0.008,MG,TX1011734,0
TSTC,0.63,MG,TX1011737,1
TSTC,,,TX1011741,1
TSTC,,,TX1011742,0
TSTC,1.26,MG,TX1011744,1
TSTC,,,TX1011745,2
TSTC,0.658,MG,TX1011746,3
TSTC,,,TX1011747,0
TSTC,0.022,MG,TX1011766,0
TSTC,,,TX1011778,4
TSTC,,,TX1011781,3
TSTC,1.72,MG,TX1011783,4
TSTC,1.02,MG,TX1011785,3
TSTC,12500,GAL,TX1011792,0
TSTC,0.024,MG,TX1011796,0
TSTC,0.84,MG,TX1011798,3
TSTC,,,TX1011799,3
TSTC,0.012,MG,TX1011803,0
TSTC,,,TX1011805,0
TSTC,0.022,MG,TX1011806,0
TSTC,0.858,MG,TX1011809,4
TSTC,0.034,MG,TX1011810,0
TSTC,0.04,MG,TX1011812,0
TSTC,,,TX1011823,2
TSTC,,,TX1011824,4
TSTC,,,TX1011825,1
TSTC,,,TX1011826,4
TSTC,0.02,MG,TX1011828,0
TSTC,0.084,MG,TX1011832,0
TSTC,0.42,MG,TX1011833,2
TSTC,0.5,MG,TX1011834,2
TSTC,0.322,MG,TX1011839,2
TSTC,,,TX1011845,0
TSTC,,,TX1011848,3
TSTC,0.017,MG,TX1011860,0
TSTC,0.021,MG,TX1011861,0
TSTC,,,TX1011865,1
TSTC,,,TX1011870,4
TSTC,1.127,MG,TX1011872,4
TSTC,,,TX1011901,2
TSTC,,,TX1011902,2
TSTC,,,TX1011908,3
TSTC,,,TX1011911,2
TSTC,0.659,MG,TX1011914,2
TSTC,,,TX1011920,0
TSTC,,,TX1011925,0
TSTC,,,TX1011926,0
TSTC,0.92,MG,TX1011927,2
TSTC,0.849,MG,TX1011928,2
TSTC,0.9,MG,TX1011929,1
TSTC,1.22,MG,TX1011930,3
TSTC,,,TX1011939,0
TSTC,0.063,MG,TX1011947,0
TSTC,0.044,MG,TX1011955,0
TSTC,,,TX1011956,0
TSTC,0.094,MG,TX1011957,0
TSTC,,,TX1011971,0
TSTC,,,TX1011972,0
TSTC,0.132,MG,TX1011973,0
TSTC,,,TX1011977,0
TSTC,0.084,MG,TX1011981,0
TSTC,,,TX1011982,3
TSTC,0.25,MG,TX1011983,5
TSTC,,,TX1011984,1
TSTC,0.998,MG,TX1011991,5
TSTC,,,TX1011995,0
TSTC,,,TX1011996,0
TSTC,0.8,MG,TX1011998,2
TSTC,0.1,MG,TX1011999,0
TSTC,0.5,MG,TX1012000,2
TSTC,0.653,MG,TX1012001,4
TSTC,,,TX1012002,2
TSTC,3.058,MG,TX1012007,6
TSTC,0.012,MG,TX1012015,0
TSTC,,,TX1012019,0
TSTC,,,TX1012048,0
TSTC,0.02,MG,TX1012052,1
TSTC,1.22,MG,TX1012068,2
TSTC,,,TX1012071,1
TSTC,0.5,MG,TX1012082,1
TSTC,,,TX1012090,0
TSTC,,,TX1012097,3
TSTC,,,TX1012130,0
TSTC,,,TX1012133,1
TSTC,,,TX1012145,3
TSTC,0.083,MG,TX1012154,0
TSTC,,,TX1012166,0
TSTC,,,TX1012174,0
TSTC,,,TX1012187,5
TSTC,,,TX1012213,6
TSTC,,,TX1012214,5
TSTC,,,TX1012227,3
TSTC,0.429,MG,TX1012228,2
TSTC,1,MG,TX1012229,3
TSTC,0.334,MG,TX1012238,3
TSTC,,,TX1012240,0
TSTC,,,TX1012260,0
TSTC,1.1,MG,TX1012264,1
TSTC,0.034,MG,TX1012276,0
TSTC,,,TX1012281,2
TSTC,,,TX1012285,5
TSTC,,,TX1012293,3
TSTC,,,TX1012297,1
TSTC,2.56,MG,TX1012315,3
TSTC,0.95,MG,TX1012330,6
TSTC,,,TX1012333,1
TSTC,0.3,MG,TX1012350,3
TSTC,,,TX1012351,5
TSTC,0.34,MG,TX1012354,4
TSTC,,,TX1012356,2
TSTC,0.8,MG,TX1012361,2
TSTC,,,TX1012362,4
TSTC,0.099,MG,TX1012367,0
TSTC,0.75,MG,TX1012370,1
TSTC,0.9,MG,TX1012378,1
TSTC,,,TX1012391,3
TSTC,,,TX1012392,4
TSTC,0.022,MG,TX1012397,0
TSTC,0.333,MG,TX1012408,2
TSTC,,,TX1012419,3
TSTC,0.065,MG,TX1012450,0
TSTC,,,TX1012496,2
TSTC,0.41,MG,TX1012498,3
TSTC,3,MG,TX1012532,3
TSTC,,,TX1012542,1
TSTC,0.42,MG,TX1012577,1
TSTC,0.825,MG,TX1012677,4
TSTC,1.265,MG,TX1012698,2
TSTC,,,TX1012704,1
TSTC,,,TX1012710,0
TSTC,0.506,MG,TX1012740,2
TSTC,0.001,MG,TX1012741,0
TSTC,,,TX1012766,1
TSTC,0.91,MG,TX1012768,1
TSTC,,,TX1012794,0
TSTC,0.05,MG,TX1012795,0
TSTC,,,TX1012804,1
TSTC,,,TX1012806,0
TSTC,0.568,MG,TX1012812,2
TSTC,1.026,MG,TX1012835,2
TSTC,,,TX1012842,4
TSTC,0.55,MG,TX1012848,4
TSTC,1.702,MG,TX1012858,1
TSTC,,,TX1012861,0
TSTC,0.56,MG,TX1012865,3
TSTC,,,TX1012866,3
TSTC,,,TX1012868,0
TSTC,0.86,MG,TX1012877,2
TSTC,,,TX1012892,0
TSTC,1.26,MG,TX1012897,2
TSTC,,,TX1012904,0
TSTC,,,TX1012913,2
TSTC,,,TX1012916,0
TSTC,0.511,MG,TX1012917,3
TSTC,0.525,MG,TX1012941,3
TSTC,,,TX1012942,3
TSTC,1,MG,TX1012951,3
TSTC,1,MG,TX1012953,2
TSTC,,,TX1012962,1
TSTC,,,TX1012965,1
TSTC,5.26,MG,TX1012969,0
TSTC,,,TX1012970,6
TSTC,0.92,MG,TX1012971,5
TSTC,0.5,MG,TX1012972,4
TSTC,,,TX1012973,1
TSTC,1.3,MG,TX1012974,1
TSTC,0.3,MG,TX1012978,0
TSTC,0.856,MG,TX1012981,1
TSTC,,,TX1012982,0
TSTC,,,TX1012985,2
TSTC,0.032,MG,TX1012986,0
TSTC,,,TX1012987,1
TSTC,,,TX1012995,0
TSTC,0.84,MG,TX1013002,5
TSTC,1.712,MG,TX1013009,2
TSTC,,,TX1013017,1
TSTC,1,MG,TX1013034,4
TSTC,0.042,MG,TX1013036,0
TSTC,0.57,MG,TX1013040,3
TSTC,0.036,MG,TX1013041,0
TSTC,0.044,MG,TX1013045,0
TSTC,0.207,MG,TX1013050,0
TSTC,0.7,MG,TX1013054,2
TSTC,0.04,MG,TX1013055,0
TSTC,,,TX1013058,0
TSTC,,,TX1013063,2
TSTC,,,TX1013066,0
TSTC,1.68,MG,TX1013074,3
TSTC,0.594,MG,TX1013077,1
TSTC,0.756,MG,TX1013078,1
TSTC,0.083,MG,TX1013084,1
TSTC,,,TX1013088,0
TSTC,0.401,MG,TX1013089,0
TSTC,,,TX1013092,1
TSTC,0.066,MG,TX1013103,0
TSTC,0.54,MG,TX1013107,0
TSTC,,,TX1013111,0
TSTC,0.517,MG,TX1013113,2
TSTC,,,TX1013114,2
TSTC,,,TX1013123,1
TSTC,0.062,MG,TX1013127,0
TSTC,,,TX1013132,2
TSTC,0.481,MG,TX1013135,1
TSTC,0.4,MG,TX1013141,1
TSTC,0.066,MG,TX1013144,0
TSTC,0.065,MG,TX1013146,0
TSTC,,,TX1013147,1
TSTC,0.085,MG,TX1013153,1
TSTC,1,MG,TX1013156,3
TSTC,,,TX1013159,0
TSTC,2,MG,TX1013160,3
TSTC,1.273,MG,TX1013175,1
TSTC,,,TX1013178,3
TSTC,0.013,MG,TX1013180,0
TSTC,,,TX1013181,3
TSTC,0.212,MG,TX1013187,0
TSTC,,,TX1013189,1
TSTC,0.042,MG,TX1013191,0
TSTC,,,TX1013193,0
TSTC,0.021,MG,TX1013195,0
TSTC,0.084,MG,TX1013198,0
TSTC,0.022,MG,TX1013200,0
TSTC,0.065,MG,TX1013205,0
TSTC,0.92,MG,TX1013213,3
TSTC,,,TX1013239,0
TSTC,,,TX1013245,0
TSTC,,,TX1013247,0
TSTC,,,TX1013249,0
TSTC,1.061,MG,TX1013253,3
TSTC,,,TX1013258,4
TSTC,,,TX1013261,1
TSTC,0.066,MG,TX1013262,0
TSTC,0.21,MG,TX1013265,1
TSTC,0.126,MG,TX1013271,1
TSTC,0.249,MG,TX1013288,0
TSTC,1,MG,TX1013289,2
TSTC,,,TX1013294,1
TSTC,,,TX1013295,1
TSTC,,,TX1013296,1
TSTC,,,TX1013298,31
TSTC,,,TX1013303,1
TSTC,,,TX1013305,4
TSTC,,,TX1013306,3
TSTC,0.886,MG,TX1013310,3
TSTC,,,TX1013321,2
TSTC,,,TX1013325,0
TSTC,,,TX1013327,3
TSTC,2.75,MG,TX1013329,1
TSTC,,,TX1013335,1
TSTC,,,TX1013338,1
TSTC,0.04,MG,TX1013341,0
TSTC,0.54,MG,TX1013343,2
TSTC,,,TX1013346,1
TSTC,1.8,MG,TX1013350,4
TSTC,1.275,MG,TX1013354,1
TSTC,,,TX1013356,1
TSTC,3,MG,TX1013360,3
TSTC,,,TX1013362,0
TSTC,0.42,MG,TX1013365,0
TSTC,,,TX1013366,0
TSTC,1,MG,TX1013369,3
TSTC,0.851,MG,TX1013372,2
TSTC,0.325,MG,TX1013373,0
TSTC,0.01,MG,TX1013374,1
TSTC,,,TX1013375,2
TSTC,,,TX1013376,1
TSTC,0.498,MG,TX1013378,2
TSTC,,,TX1013385,1
TSTC,1.524,MG,TX1013387,2
TSTC,,,TX1013389,0
TSTC,1.3,MG,TX1013390,3
TSTC,,,TX1013393,0
TSTC,0.302,MG,TX1013399,1
TSTC,0.201,MG,TX1013400,1
TSTC,,,TX1013403,3
TSTC,0.216,MG,TX1013404,0
TSTC,1.35,MG,TX1013416,1
TSTC,,,TX1013429,1
TSTC,,,TX1013448,2
TSTC,,,TX1013449,1
TSTC,,,TX1013450,2
TSTC,,,TX1013456,0
TSTC,,,TX1013468,1
TSTC,2.4,MG,TX1013479,0
TSTC,,,TX1013494,1
TSTC,,,TX1013511,1
TSTC,0.643,MG,TX1013515,1
TSTC,,,TX1013522,1
TSTC,0.299,MG,TX1013526,0
TSTC,0.5,MG,TX1013530,0
TSTC,0.5,MG,TX1013531,0
TSTC,0.82,MG,TX1013532,1
TSTC,0.55,GAL,TX1013540,2
TSTC,0.2,MG,TX1013563,0
TSTC,,,TX1013567,0
TSTC,0.438,MG,TX1013573,1
TSTC,,,TX1013576,1
TSTC,,,TX1013579,0
TSTC,,,TX1013582,0
TSTC,,,TX1013586,2
TSTC,,,TX1013599,1
TSTC,,,TX1013612,1
TSTC,,,TX1013628,5
TSTC,0.44,MG,TX1013632,1
TSTC,,,TX1013638,0
TSTC,,,TX1013640,1
TSTC,,,TX1013663,1
TSTC,,,TX1013674,0
TSTC,,,TX1013681,0
TSTC,,,TX1013688,1
TSTC,,,TX1013691,1
TSTC,,,TX1013695,2
TSTC,0.151,MG,TX1013698,1
TSTC,,,TX1013703,0
TSTC,,,TX1013706,2
TSTC,,,TX1013708,0
TSTC,,,TX1013716,1
TSTC,,,TX1013721,1
TSTC,,,TX1013733,0
TSTC,,,TX1013734,0
TSTC,,,TX1013757,1
TSTC,,,TX1013768,1
TSTC,,,TX1013770,1
TSTC,,,TX1013803,1
TSTC,,,TX1013806,2
TSTC,,,TX1013827,1
TSTC,,,TX1013835,1
TSTC,,,TX1013843,7
TSTC,8,MG,TX1020002,0
TSTC,671300,GAL,TX1020003,2
TSTC,1.5,MG,TX1020004,1
TSTC,0.05,MG,TX1020011,1
TSTC,0.189,MG,TX1020014,0
TSTC,0.294,MG,TX1020018,0
TSTC,0.15,MG,TX1020019,0
TSTC,0.079,MG,TX1020020,3
TSTC,0.2,MG,TX1020021,1
TSTC,0.255,MG,TX1020022,2
TSTC,0.25,MG,TX1020023,1
TSTC,,,TX1020026,2
TSTC,,,TX1020028,1
TSTC,0.042,MG,TX1020047,0
TSTC,0.156,MG,TX1020054,1
TSTC,0.057,MG,TX1020061,1
TSTC,0.024,MG,TX1020063,0
TSTC,,,TX1020066,0
TSTC,,,TX1020067,0
TSTC,0.841,MG,TX1020074,1
TSTC,0.145,MG,TX1020077,1
TSTC,0.399,MG,TX1020078,2
TSTC,,,TX1020080,0
TSTC,300700,GAL,TX1020081,2
TSTC,0.108,MG,TX1020088,2
TSTC,,,TX1020095,0
TSTC,0.058,MG,TX1030010,0
TSTC,0.25,MG,TX1030011,0
TSTC,0.715,MG,TX1040001,1
TSTC,0.218,MG,TX1040002,1
TSTC,0.673,MG,TX1040003,1
TSTC,0.025,MG,TX1040004,3
TSTC,0.086,MG,TX1040005,1
TSTC,0.063,MG,TX1040015,1
TSTC,0.15,MG,TX1040017,3
TSTC,0.075,MG,TX1040019,2
TSTC,0,MG,TX1040022,0
TSTC,8.44,MG,TX1050001,1
TSTC,4.791,MG,TX1050002,3
TSTC,2,MG,TX1050003,2
TSTC,0.1,MG,TX1050004,0
TSTC,3.146,MG,TX1050012,2
TSTC,1.65,MG,TX1050013,1
TSTC,1.287,MG,TX1050018,1
TSTC,3.72,MG,TX1050019,4
TSTC,1.066,MG,TX1050028,1
TSTC,0.099,MG,TX1050029,2
TSTC,0.116,MG,TX1050031,0
TSTC,0.007,MG,TX1050034,0
TSTC,0.011,MG,TX1050035,0
TSTC,0.178,MG,TX1050037,1
TSTC,1.703,GAL,TX1050038,3
TSTC,0.487,MG,TX1050039,0
TSTC,0.261,MG,TX1050043,0
TSTC,0.032,MG,TX1050058,1
TSTC,,,TX1050059,0
TSTC,0.194,MG,TX1050062,0
TSTC,0.055,MG,TX1050068,0
TSTC,0.03,MG,TX1050075,0
TSTC,0.201,MG,TX1050077,0
TSTC,0.04,MG,TX1050078,0
TSTC,0.077,MG,TX1050080,0
TSTC,0.04,MG,TX1050081,0
TSTC,0.136,MG,TX1050082,2
TSTC,0.054,MG,TX1050099,0
TSTC,0.176,MG,TX1050100,0
TSTC,0.004,MG,TX1050105,0
TSTC,0.031,MG,TX1050111,0
TSTC,0.005,MG,TX1050116,0
TSTC,0.008,MG,TX1050120,0
TSTC,0.007,MG,TX1050121,0
TSTC,0.176,MG,TX1050122,0
TSTC,0.064,MG,TX1050124,0
TSTC,0.025,MG,TX1050128,2
TSTC,0.325,MG,TX1050131,0
TSTC,0.13,MG,TX1050132,0
TSTC,0.075,MG,TX1050134,0
TSTC,0.017,MG,TX1050135,0
TSTC,,,TX1050137,1
TSTC,,,TX1050139,0
TSTC,,,TX1050148,2
TSTC,1.5,MG,TX1050149,1
TSTC,,,TX1050154,1
TSTC,,,TX1050157,1
TSTC,,,TX1050175,1
TSTC,0.005,MG,TX1050180,0
TSTC,,,TX1050184,1
TSTC,,,TX1050191,0
TSTC,1.65,MG,TX1060001,0
TSTC,1.15,MG,TX1070002,0
TSTC,0.12,MG,TX1070003,0
TSTC,0.454,MG,TX1070004,0
TSTC,4.318,MG,TX1070005,1
TSTC,1.02,MG,TX1070006,0
TSTC,0.06,MG,TX1070007,0
TSTC,,,TX1070009,0
TSTC,,,TX1070016,0
TSTC,0.634,MG,TX1070019,1
TSTC,0.225,MG,TX1070020,0
TSTC,0.3,MG,TX1070025,0
TSTC,0.125,MG,TX1070027,0
TSTC,,,TX1070034,3
TSTC,0.037,MG,TX1070039,0
TSTC,0.104,MG,TX1070041,0
TSTC,0.14,MG,TX1070043,0
TSTC,0.05,MG,TX1070052,0
TSTC,0.262,MG,TX1070055,0
TSTC,0.044,MG,TX1070059,0
TSTC,0.084,MG,TX1070069,0
TSTC,0.084,MG,TX1070071,0
TSTC,0.132,MG,TX1070074,0
TSTC,0.162,MG,TX1070085,0
TSTC,0.295,MG,TX1070106,0
TSTC,0.159,MG,TX1070119,1
TSTC,0.175,MG,TX1070121,0
TSTC,0.09,MG,TX1070124,1
TSTC,,,TX1070144,2
TSTC,0.239,MG,TX1070150,0
TSTC,0.023,MG,TX1070151,0
TSTC,0.01,MG,TX1070155,0
TSTC,0.01,MG,TX1070159,0
TSTC,1.334,MG,TX1070167,0
TSTC,0.015,MG,TX1070176,0
TSTC,,,TX1070181,0
TSTC,3.966,MG,TX1070190,0
TSTC,0.191,MG,TX1070198,0
TSTC,0.402,MG,TX1070200,0
TSTC,0.186,MG,TX1070205,0
TSTC,0.168,MG,TX1070206,0
TSTC,0.12,MG,TX1070207,0
TSTC,0.36,MG,TX1070211,0
TSTC,,,TX1070215,2
TSTC,0.088,MG,TX1070217,0
TSTC,8000,GAL,TX1070220,1
TSTC,0.088,MG,TX1070228,0
TSTC,0.032,MG,TX1070233,0
TSTC,0.119,MG,TX1070234,0
TSTC,0.026,MG,TX1070235,0
TSTC,0.1,MG,TX1070238,1
TSTC,,,TX1070239,2
TSTC,,,TX1070240,4
TSTC,0.05,MG,TX1070241,1
TSTC,,,TX1070242,4
TSTC,0.052,MG,TX1070243,1
TSTC,0.132,MG,TX1070247,0
TSTC,0.036,MG,TX1070248,1
TSTC,0.02,MG,TX1070249,0
TSTC,0.175,MG,TX1070251,4
TSTC,1,MG,TX1070252,0
TSTC,0.033,MG,TX1070254,0
TSTC,0.07,MG,TX1070255,2
TSTC,0.1,MG,TX1070258,0
TSTC,0.953,MG,TX1080001,0
TSTC,1.3,MG,TX1080002,1
TSTC,0.67,MG,TX1080003,1
TSTC,,,TX1080004,5
TSTC,1.498,MG,TX1080005,1
TSTC,,,TX1080006,4
TSTC,2.97,MG,TX1080007,2
TSTC,8,MG,TX1080008,2
TSTC,,,TX1080009,2
TSTC,4.74,MG,TX1080010,2
TSTC,1.885,MG,TX1080011,0
TSTC,1.25,MG,TX1080021,2
TSTC,6.155,MG,TX1080022,1
TSTC,0.377,MG,TX1080023,2
TSTC,15.405,MG,TX1080029,8
TSTC,8.3,MG,TX1080033,1
TSTC,,,TX1080034,1
TSTC,2.75,MG,TX1080067,2
TSTC,0.78,MG,TX1080088,0
TSTC,0.35,MG,TX1080213,1
TSTC,,,TX1080221,2
TSTC,,,TX1080223,1
TSTC,1.85,MG,TX1080234,5
TSTC,,,TX1080235,1
TSTC,,,TX1080236,1
TSTC,1.39,MG,TX1090001,5
TSTC,0.15,MG,TX1090002,2
TSTC,0.646,MG,TX1090003,0
TSTC,0.291,MG,TX1090004,1
TSTC,0.1,MG,TX1090005,1
TSTC,0.49,MG,TX1090006,1
TSTC,0.153,MG,TX1090007,0
TSTC,0.127,MG,TX1090008,0
TSTC,0.564,MG,TX1090012,0
TSTC,0.18,MG,TX1090014,2
TSTC,0.168,MG,TX1090015,0
TSTC,0.03,MG,TX1090016,0
TSTC,0.398,MG,TX1090017,1
TSTC,0.4,MG,TX1090018,1
TSTC,0.125,MG,TX1090020,1
TSTC,0.17,MG,TX1090021,0
TSTC,0.07,MG,TX1090023,0
TSTC,0.05,MG,TX1090024,0
TSTC,0.56,MG,TX1090025,0
TSTC,0.055,MG,TX1090026,0
TSTC,1.25,MG,TX1090030,3
TSTC,0.015,MG,TX1090033,1
TSTC,0.65,MG,TX1090035,1
TSTC,0.025,MG,TX1090036,1
TSTC,,,TX1090037,1
TSTC,0.069,MG,TX1090038,0
TSTC,0.973,MG,TX1090041,1
TSTC,0.02,MG,TX1090042,0
TSTC,0.035,MG,TX1090043,1
TSTC,0.017,MG,TX1090045,1
TSTC,0.065,MG,TX1090048,1
TSTC,0.021,MG,TX1090061,0
TSTC,0.06,MG,TX1090064,0
TSTC,0.4,MG,TX1090067,0
TSTC,4.5,MG,TX1090068,0
TSTC,0.036,MG,TX1090069,0
TSTC,0.018,MG,TX1090070,0
TSTC,0.414,MG,TX1090073,0
TSTC,,,TX1090075,2
TSTC,0.45,MG,TX1100001,0
TSTC,2.8,MG,TX1100002,1
TSTC,0.5,MG,TX1100003,0
TSTC,0.356,MG,TX1100004,0
TSTC,0.15,MG,TX1100010,0
TSTC,0.1,MG,TX1100011,0
TSTC,0.05,MG,TX1100030,0
TSTC,7.05,MG,TX1110001,1
TSTC,0.02,MG,TX1110002,1
TSTC,0.636,MG,TX1110004,0
TSTC,0.088,MG,TX1110005,1
TSTC,0.044,MG,TX1110006,0
TSTC,7.78,MG,TX1110007,2
TSTC,0.267,MG,TX1110011,0
TSTC,0.232,MG,TX1110012,0
TSTC,0.133,MG,TX1110016,0
TSTC,0.167,MG,TX1110017,0
TSTC,0.08,MG,TX1110018,1
TSTC,0.151,MG,TX1110019,1
TSTC,0.176,MG,TX1110022,1
TSTC,0.109,MG,TX1110024,0
TSTC,0.086,MG,TX1110026,0
TSTC,0.161,MG,TX1110027,0
TSTC,0.09,MG,TX1110028,1
TSTC,0.002,MG,TX1110032,0
TSTC,0.418,MG,TX1110035,0
TSTC,0.032,MG,TX1110036,1
TSTC,0.022,MG,TX1110037,0
TSTC,0.03,MG,TX1110042,0
TSTC,0.042,MG,TX1110044,1
TSTC,0.101,MG,TX1110045,1
TSTC,0.037,MG,TX1110050,0
TSTC,0.11,MG,TX1110052,0
TSTC,0.044,MG,TX1110055,1
TSTC,0.144,MG,TX1110059,0
TSTC,0.109,MG,TX1110060,1
TSTC,0.269,MG,TX1110070,2
TSTC,0.045,MG,TX1110074,1
TSTC,0.068,MG,TX1110076,0
TSTC,0.044,MG,TX1110077,0
TSTC,0.167,MG,TX1110079,0
TSTC,0.015,MG,TX1110080,0
TSTC,0.11,MG,TX1110083,0
TSTC,0.054,MG,TX1110084,1
TSTC,0.043,MG,TX1110085,0
TSTC,0.153,MG,TX1110087,0
TSTC,0.069,MG,TX1110088,0
TSTC,0.088,MG,TX1110089,0
TSTC,0.034,MG,TX1110094,0
TSTC,0.065,MG,TX1110095,1
TSTC,0.012,MG,TX1110098,0
TSTC,4,MG,TX1110100,0
TSTC,0.068,MG,TX1110102,0
TSTC,0.025,MG,TX1110109,1
TSTC,0.231,MG,TX1110112,2
TSTC,0.022,MG,TX1110114,0
TSTC,0.129,MG,TX1110115,0
TSTC,0.284,MG,TX1110116,3
TSTC,0.2,MG,TX1110128,0
TSTC,0.2,MG,TX1120001,0
TSTC,5.25,MG,TX1120002,0
TSTC,0.085,MG,TX1120003,2
TSTC,0.2,MG,TX1120010,1
TSTC,0.34,MG,TX1120011,2
TSTC,0.133,MG,TX1120012,0
TSTC,0.25,MG,TX1120013,0
TSTC,0.135,MG,TX1120014,2
TSTC,0.35,MG,TX1120015,1
TSTC,,,TX1120016,2
TSTC,0.644,MG,TX1120017,5
TSTC,0.1,MG,TX1120018,0
TSTC,0.125,MG,TX1120020,1
TSTC,0.682,MG,TX1120021,0
TSTC,2,MG,TX1130001,1
TSTC,0.365,MG,TX1130002,1
TSTC,0.083,MG,TX1130003,1
TSTC,0.4,MG,TX1130004,0
TSTC,2.055,MG,TX1130010,0
TSTC,0.1,MG,TX1130011,0
TSTC,0.04,MG,TX1130020,0
TSTC,0.977,MG,TX1130031,6
TSTC,1.315,MG,TX1130033,1
TSTC,13.45,MG,TX1140001,4
TSTC,0.35,MG,TX1140002,2
TSTC,0.07,MG,TX1140011,0
TSTC,0.26,MG,TX1150001,0
TSTC,0.132,MG,TX1150005,0
TSTC,0.974,MG,TX1150007,1
TSTC,,,TX1150010,0
TSTC,0.201,MG,TX1150014,0
TSTC,,,TX1150015,1
TSTC,0.95,MG,TX1160001,2
TSTC,0.244,MG,TX1160002,0
TSTC,2.345,MG,TX1160003,0
TSTC,8.75,MG,TX1160004,2
TSTC,0.15,MG,TX1160005,1
TSTC,0.175,MG,TX1160006,1
TSTC,0.55,MG,TX1160007,3
TSTC,0.44,MG,TX1160008,1
TSTC,,,TX1160011,1
TSTC,0.45,MG,TX1160012,1
TSTC,1.4,MG,TX1160015,3
TSTC,0.275,MG,TX1160017,0
TSTC,3.51,MG,TX1160018,2
TSTC,,,TX1160028,1
TSTC,4.2,MG,TX1160029,3
TSTC,0.09,MG,TX1160034,1
TSTC,0.406,MG,TX1160039,4
TSTC,0.42,MG,TX1160042,1
TSTC,1.25,MG,TX1160052,2
TSTC,0.512,MG,TX1160062,0
TSTC,0.022,MG,TX1160063,1
TSTC,0.022,MG,TX1160064,1
TSTC,0.027,MG,TX1160066,1
TSTC,0.044,MG,TX1160067,0
TSTC,,,TX1160079,1
TSTC,0.016,MG,TX1160081,0
TSTC,,,TX1160089,0
TSTC,0.018,MG,TX1160091,0
TSTC,0.045,MG,TX1160093,2
TSTC,0,MG,TX1160097,0
TSTC,11.956,MG,TX1170001,4
TSTC,0.725,MG,TX1170003,1
TSTC,0.95,MG,TX1170004,1
TSTC,0.04,MG,TX1170007,0
TSTC,0.083,MG,TX1170012,5
TSTC,0.25,MG,TX1170018,1
TSTC,0.06,MG,TX1170022,2
TSTC,0.037,MG,TX1180001,0
TSTC,0.281,MG,TX1180002,0
TSTC,0.102,MG,TX1190001,1
TSTC,0.837,MG,TX1190002,0
TSTC,0.03,MG,TX1190005,0
TSTC,1.4,MG,TX1200001,0
TSTC,0.51,MG,TX1200002,0
TSTC,0.05,MG,TX1200003,0
TSTC,0.042,MG,TX1200004,0
TSTC,0.001,MG,TX1200008,0
TSTC,0.02,MG,TX1200013,0
TSTC,0.021,MG,TX1200022,0
TSTC,,,TX1200027,0
TSTC,,,TX1200028,0
TSTC,,,TX1200029,0
TSTC,0.034,MG,TX1200037,0
TSTC,4.36,MG,TX1210001,0
TSTC,0.582,MG,TX1210002,0
TSTC,0.825,MG,TX1210003,0
TSTC,0.098,MG,TX1210004,0
TSTC,0.024,MG,TX1210007,0
TSTC,0.069,MG,TX1210011,1
TSTC,0.064,MG,TX1210012,0
TSTC,0.03,MG,TX1210013,0
TSTC,0.45,MG,TX1210014,0
TSTC,0.094,MG,TX1210015,0
TSTC,0.116,MG,TX1210016,1
TSTC,0.023,MG,TX1210019,0
TSTC,0.066,MG,TX1210020,0
TSTC,0.08,MG,TX1210048,0
TSTC,0.011,MG,TX1210049,0
TSTC,0.564,MG,TX1210060,0
TSTC,0.216,MG,TX1210063,0
TSTC,0.162,MG,TX1210064,0
TSTC,,,TX1210068,0
TSTC,,,TX1220001,0
TSTC,,,TX1220002,0
TSTC,0.178,MG,TX1220003,0
TSTC,,,TX1220015,0
TSTC,21.8,MG,TX1230001,0
TSTC,1.93,MG,TX1230003,0
TSTC,0.335,MG,TX1230004,1
TSTC,3.95,MG,TX1230006,0
TSTC,15.59,MG,TX1230009,0
TSTC,4.25,MG,TX1230010,2
TSTC,5.5,MG,TX1230012,2
TSTC,,,TX1230020,2
TSTC,2.13,MG,TX1230021,1
TSTC,,,TX1230037,1
TSTC,0.295,MG,TX1230038,0
TSTC,0.203,MG,TX1230039,0
TSTC,0.188,MG,TX1230049,0
TSTC,,,TX1230075,1
TSTC,,,TX1230083,0
TSTC,,,TX1230086,1
TSTC,1,MG,TX1230092,1
TSTC,1.55,MG,TX1240001,0
TSTC,3.75,MG,TX1250001,0
TSTC,0.4,MG,TX1250002,0
TSTC,0.4,MG,TX1250003,0
TSTC,0.01,MG,TX1250017,0
TSTC,0.225,MG,TX1250030,1
TSTC,4500,GAL,TX1250033,0
TSTC,0.011,MG,TX1250039,0
TSTC,0.85,MG,TX1260001,1
TSTC,12.75,MG,TX1260002,2
TSTC,9,MG,TX1260003,0
TSTC,0.7,MG,TX1260004,0
TSTC,0.4,MG,TX1260006,1
TSTC,0.29,MG,TX1260007,1
TSTC,3.79,MG,TX1260008,2
TSTC,0.088,MG,TX1260010,2
TSTC,0.176,MG,TX1260011,0
TSTC,0.028,MG,TX1260012,0
TSTC,1.3,MG,TX1260016,2
TSTC,17.075,MG,TX1260017,2
TSTC,14.728,MG,TX1260018,6
TSTC,0.48,MG,TX1260021,1
TSTC,0.275,MG,TX1260022,1
TSTC,0.132,MG,TX1260025,1
TSTC,0.077,MG,TX1260034,0
TSTC,0.076,MG,TX1260035,2
TSTC,0.007,MG,TX1260037,0
TSTC,0.092,MG,TX1260038,1
TSTC,0.054,MG,TX1260039,1
TSTC,0.2,MG,TX1260053,0
TSTC,0.125,MG,TX1260056,0
TSTC,0.022,MG,TX1260063,0
TSTC,0.057,MG,TX1260064,0
TSTC,0.02,MG,TX1260066,0
TSTC,0.037,MG,TX1260067,0
TSTC,0.025,MG,TX1260068,0
TSTC,0.02,MG,TX1260069,0
TSTC,0.02,MG,TX1260070,0
TSTC,0.048,MG,TX1260071,1
TSTC,0.011,MG,TX1260073,0
TSTC,0.324,MG,TX1260074,1
TSTC,0.034,MG,TX1260076,1
TSTC,0.02,MG,TX1260077,0
TSTC,0.024,MG,TX1260078,0
TSTC,0.013,MG,TX1260080,1
TSTC,0.013,MG,TX1260082,0
TSTC,0.013,MG,TX1260084,0
TSTC,0.011,MG,TX1260086,1
TSTC,0.009,MG,TX1260088,0
TSTC,0.021,MG,TX1260090,0
TSTC,0.022,MG,TX1260092,1
TSTC,0.005,MG,TX1260094,1
TSTC,0.024,MG,TX1260098,0
TSTC,0.032,MG,TX1260099,0
TSTC,0.026,MG,TX1260101,0
TSTC,0.113,MG,TX1260103,0
TSTC,0.055,MG,TX1260104,0
TSTC,0.013,MG,TX1260116,0
TSTC,0.024,MG,TX1260120,0
TSTC,0.006,MG,TX1260122,0
TSTC,0.096,MG,TX1260123,0
TSTC,0.006,MG,TX1260124,0
TSTC,0.119,MG,TX1260127,0
TSTC,0.02,MG,TX1260128,0
TSTC,0.006,MG,TX1260133,0
TSTC,0.009,MG,TX1260139,0
TSTC,0.686,MG,TX1270001,2
TSTC,0.8,MG,TX1270002,1
TSTC,1.35,MG,TX1270003,0
TSTC,0.131,MG,TX1270005,5
TSTC,0.748,MG,TX1270006,4
TSTC,0.168,MG,TX1270007,1
TSTC,1.75,MG,TX1280001,1
TSTC,2.764,MG,TX1280002,0
TSTC,0.65,MG,TX1280003,0
TSTC,0.425,MG,TX1280004,0
TSTC,2.75,MG,TX1280007,0
TSTC,10.35,MG,TX1290002,2
TSTC,1.5,MG,TX1290003,1
TSTC,0.621,MG,TX1290004,1
TSTC,1.373,MG,TX1290005,0
TSTC,5.5,MG,TX1290006,1
TSTC,1.35,MG,TX1290007,5
TSTC,0.4,MG,TX1290010,3
TSTC,0.365,MG,TX1290011,5
TSTC,3,MG,TX1290012,2
TSTC,0.396,MG,TX1290013,1
TSTC,2.425,MG,TX1290014,2
TSTC,2.025,MG,TX1290015,2
TSTC,4.049,MG,TX1290016,3
TSTC,0.25,MG,TX1290018,1
TSTC,0.6,MG,TX1290021,3
TSTC,0.55,MG,TX1290022,1
TSTC,0.8,MG,TX1290023,5
TSTC,2.9,MG,TX1290025,4
TSTC,0.225,MG,TX1290027,1
TSTC,0.088,MG,TX1290038,2
TSTC,,,TX1290042,1
TSTC,1.24,MG,TX1290043,1
TSTC,,,TX1290046,1
TSTC,1.25,MG,TX1290047,2
TSTC,2.59,MG,TX1290052,0
TSTC,,,TX1290053,1
TSTC,,,TX1290054,1
TSTC,,,TX1290055,1
TSTC,,,TX1290056,1
TSTC,,,TX1290057,1
TSTC,,,TX1290058,2
TSTC,7.447,MG,TX1300001,1
TSTC,0.625,MG,TX1300002,0
TSTC,0.02,MG,TX1300005,0
TSTC,0.03,MG,TX1300008,0
TSTC,0.004,MG,TX1300010,0
TSTC,0.011,MG,TX1300014,0
TSTC,0.06,MG,TX1300032,0
TSTC,1.047,MG,TX1300033,2
TSTC,0.066,MG,TX1300034,0
TSTC,0.013,MG,TX1300035,0
TSTC,0.016,MG,TX1300036,0
TSTC,0.011,MG,TX1300039,0
TSTC,0.09,MG,TX1300041,0
TSTC,0.004,MG,TX1300044,0
TSTC,0.428,MG,TX1300048,1
TSTC,0.25,MG,TX1300060,2
TSTC,,,TX1300082,1
TSTC,0.144,MG,TX1310001,0
TSTC,0.07,MG,TX1310003,0
TSTC,0.15,MG,TX1320001,0
TSTC,0.03,MG,TX1320006,0
TSTC,7.89,MG,TX1330001,0
TSTC,0.04,MG,TX1330002,0
TSTC,0.16,MG,TX1330006,0
TSTC,22.68,MG,TX1330007,0
TSTC,0.084,MG,TX1330009,0
TSTC,0.128,MG,TX1330010,0
TSTC,0.826,MG,TX1330011,0
TSTC,0.016,MG,TX1330013,0
TSTC,70.2,MG,TX1330015,0
TSTC,0.04,MG,TX1330017,0
TSTC,0.04,MG,TX1330018,0
TSTC,0.02,MG,TX1330019,0
TSTC,0.01,MG,TX1330024,0
TSTC,0.03,MG,TX1330025,0
TSTC,0.056,MG,TX1330027,0
TSTC,0.055,MG,TX1330028,0
TSTC,0.047,MG,TX1330030,0
TSTC,,,TX1330036,1
TSTC,0.075,MG,TX1330039,0
TSTC,0.583,MG,TX1330041,0
TSTC,0.04,MG,TX1330043,0
TSTC,0.014,MG,TX1330044,0
TSTC,0.04,MG,TX1330046,0
TSTC,0.5,MG,TX1330054,0
TSTC,0.032,MG,TX1330062,0
TSTC,0.01,MG,TX1330080,0
TSTC,0.014,MG,TX1330083,0
TSTC,0.07,MG,TX1330085,0
TSTC,0.018,MG,TX1330086,0
TSTC,0.101,MG,TX1330091,0
TSTC,0.034,MG,TX1330092,0
TSTC,0.05,MG,TX1330093,0
TSTC,0.3,MG,TX1330095,0
TSTC,0.032,MG,TX1330097,0
TSTC,0.05,MG,TX1330101,0
TSTC,0.011,MG,TX1330102,0
TSTC,,,TX1330107,0
TSTC,0.032,MG,TX1330111,0
TSTC,0.1,MG,TX1330113,0
TSTC,0.012,MG,TX1330118,0
TSTC,0.01,MG,TX1330119,0
TSTC,0.005,MG,TX1330121,0
TSTC,0.01,MG,TX1330122,1
TSTC,0.01,MG,TX1330123,0
TSTC,0.044,MG,TX1330124,0
TSTC,0.047,MG,TX1330126,0
TSTC,0.015,MG,TX1330127,0
TSTC,2.016,MG,TX1330128,0
TSTC,0.02,MG,TX1330133,0
TSTC,0.015,MG,TX1330134,0
TSTC,0.04,MG,TX1330135,0
TSTC,0.015,MG,TX1330137,0
TSTC,0.011,MG,TX1330139,0
TSTC,0.01,MG,TX1330141,0
TSTC,0.084,MG,TX1330142,0
TSTC,0.035,MG,TX1330144,0
TSTC,0.022,MG,TX1330145,0
TSTC,0.021,MG,TX1330147,0
TSTC,0.02,MG,TX1330149,0
TSTC,,,TX1330150,0
TSTC,0.014,MG,TX1330151,0
TSTC,0.032,MG,TX1330153,0
TSTC,0.087,MG,TX1330154,0
TSTC,0.05,MG,TX1330155,0
TSTC,0.033,MG,TX1330156,0
TSTC,0.05,MG,TX1330163,0
TSTC,0.125,MG,TX1330166,0
TSTC,0.023,MG,TX1330167,0
TSTC,0.009,MG,TX1330169,0
TSTC,0.02,MG,TX1330170,0
TSTC,0.003,MG,TX1330174,0
TSTC,0.015,MG,TX1330175,0
TSTC,0.022,MG,TX1330176,0
TSTC,0.005,MG,TX1330177,0
TSTC,0.006,MG,TX1330178,0
TSTC,0.925,MG,TX1340001,0
TSTC,0.062,MG,TX1340019,0
TSTC,0.239,MG,TX1350001,0
TSTC,0.575,MG,TX1360001,0
TSTC,0.097,MG,TX1360002,2
TSTC,0.45,MG,TX1360003,0
TSTC,5.637,MG,TX1370001,1
TSTC,,,TX1370003,1
TSTC,0.447,MG,TX1370006,4
TSTC,0.122,MG,TX1370007,1
TSTC,0.305,MG,TX1370012,0
TSTC,0.054,MG,TX1370028,0
TSTC,0.24,MG,TX1370032,0
TSTC,,,TX1370034,1
TSTC,0.496,MG,TX1370035,1
TSTC,,,TX1380001,1
TSTC,0.332,MG,TX1380002,1
TSTC,0.125,MG,TX1380003,1
TSTC,0.123,MG,TX1380006,1
TSTC,2.645,MG,TX1380009,0
TSTC,0.355,MG,TX1380011,1
TSTC,0.07,MG,TX1380012,1
TSTC,0.07,MG,TX1380013,1
TSTC,0.188,MG,TX1390001,2
TSTC,14.5,MG,TX1390002,0
TSTC,0.15,MG,TX1390004,2
TSTC,0.175,MG,TX1390010,2
TSTC,,,TX1390011,2
TSTC,,,TX1390012,1
TSTC,0.679,MG,TX1390013,4
TSTC,0.431,MG,TX1390014,1
TSTC,10.01,MG,TX1390015,2
TSTC,0.48,MG,TX1400002,0
TSTC,2.575,MG,TX1400003,1
TSTC,0.55,MG,TX1400004,0
TSTC,0.564,MG,TX1400005,0
TSTC,0.542,MG,TX1400006,0
TSTC,0.05,MG,TX1400007,0
TSTC,0.042,MG,TX1400010,0
TSTC,,,TX1400027,2
TSTC,0.45,MG,TX1410001,3
TSTC,1.004,MG,TX1410002,1
TSTC,12.56,MG,TX1410028,2
TSTC,,,TX1410032,0
TSTC,1.575,MG,TX1420001,0
TSTC,0.7,MG,TX1420002,0
TSTC,0.05,MG,TX1420006,0
TSTC,0.05,MG,TX1420007,0
TSTC,0.75,MG,TX1430001,0
TSTC,0.4,MG,TX1430002,0
TSTC,1.3,MG,TX1430003,0
TSTC,1.2,MG,TX1440001,0
TSTC,0.2,MG,TX1440002,1
TSTC,0.083,MG,TX1440003,1
TSTC,1.698,MG,TX1440005,0
TSTC,0.15,MG,TX1440006,1
TSTC,0.015,MG,TX1440014,1
TSTC,0.55,MG,TX1450001,0
TSTC,,,TX1450002,0
TSTC,0.11,MG,TX1450003,0
TSTC,0.14,MG,TX1450004,0
TSTC,0.195,MG,TX1450006,0
TSTC,0.25,MG,TX1450007,0
TSTC,0.038,MG,TX1450008,1
TSTC,0.05,MG,TX1450009,1
TSTC,0.055,MG,TX1450010,0
TSTC,0.786,MG,TX1450015,1
TSTC,0.012,MG,TX1450017,0
TSTC,0.57,MG,TX1450018,2
TSTC,,,TX1450019,0
TSTC,,,TX1450020,0
TSTC,0.012,MG,TX1450021,0
TSTC,0.588,MG,TX1450027,1
TSTC,0.128,MG,TX1450028,0
TSTC,0.165,MG,TX1450029,0
TSTC,0.102,MG,TX1450031,1
TSTC,3.203,MG,TX1460001,0
TSTC,2.45,MG,TX1460002,0
TSTC,1,MG,TX1460003,1
TSTC,0.175,MG,TX1460004,1
TSTC,0.1,MG,TX1460005,1
TSTC,0.095,MG,TX1460006,1
TSTC,0.045,MG,TX1460007,1
TSTC,0.114,MG,TX1460008,1
TSTC,1.325,MG,TX1460009,0
TSTC,0.068,MG,TX1460011,0
TSTC,0.1,MG,TX1460012,1
TSTC,0.018,MG,TX1460015,0
TSTC,0.024,MG,TX1460016,0
TSTC,0.045,MG,TX1460025,0
TSTC,0.036,MG,TX1460027,0
TSTC,,,TX1460033,0
TSTC,0.024,MG,TX1460036,0
TSTC,,,TX1460037,0
TSTC,0.058,MG,TX1460041,0
TSTC,,,TX1460043,0
TSTC,,,TX1460050,1
TSTC,0.732,MG,TX1460055,0
TSTC,,,TX1460061,0
TSTC,,,TX1460076,0
TSTC,,,TX1460086,0
TSTC,,,TX1460088,0
TSTC,0.066,MG,TX1460091,0
TSTC,,,TX1460092,0
TSTC,,,TX1460094,1
TSTC,0.032,MG,TX1460098,0
TSTC,,,TX1460099,0
TSTC,,,TX1460100,0
TSTC,0.083,MG,TX1460101,0
TSTC,,,TX1460102,0
TSTC,,,TX1460107,0
TSTC,0.06,MG,TX1460109,0
TSTC,,,TX1460115,0
TSTC,0.73,MG,TX1460118,0
TSTC,0.151,MG,TX1460120,0
TSTC,,,TX1460136,0
TSTC,,,TX1460137,0
TSTC,0.138,MG,TX1460140,1
TSTC,0.034,MG,TX1460141,0
TSTC,0.066,MG,TX1460142,0
TSTC,0.022,MG,TX1460145,1
TSTC,0.06,MG,TX1460146,0
TSTC,0.042,MG,TX1460148,0
TSTC,,,TX1460149,0
TSTC,,,TX1460150,0
TSTC,0.05,MG,TX1460153,0
TSTC,,,TX1460154,0
TSTC,0.046,MG,TX1460156,0
TSTC,0.022,MG,TX1460157,0
TSTC,0.149,MG,TX1460158,0
TSTC,0.022,MG,TX1460159,0
TSTC,0.025,MG,TX1460160,0
TSTC,0.15,MG,TX1460163,0
TSTC,0.037,MG,TX1460164,0
TSTC,0.96,MG,TX1460174,0
TSTC,0.151,MG,TX1460175,0
TSTC,0.1,MG,TX1460178,1
TSTC,0.35,MG,TX1460179,1
TSTC,0.126,MG,TX1460187,0
TSTC,,,TX1460189,0
TSTC,,,TX1460191,1
TSTC,,,TX1460196,1
TSTC,,,TX1460197,1
TSTC,,,TX1460200,0
TSTC,,,TX1460204,0
TSTC,0.3,MG,TX1470001,2
TSTC,1.433,MG,TX1470002,0
TSTC,0.12,MG,TX1470003,1
TSTC,3,MG,TX1470004,2
TSTC,0.1,MG,TX1470005,0
TSTC,0.837,MG,TX1470006,0
TSTC,0.009,MG,TX1470007,0
TSTC,0.65,MG,TX1470009,2
TSTC,0.265,MG,TX1470010,1
TSTC,0.367,MG,TX1470011,1
TSTC,0.044,MG,TX1470012,4
TSTC,0.065,MG,TX1470013,2
TSTC,0.065,MG,TX1470014,2
TSTC,,,TX1470015,1
TSTC,,,TX1470021,0
TSTC,0.3,MG,TX1470026,2
TSTC,0.1,MG,TX1470027,3
TSTC,0.38,MG,TX1470031,0
TSTC,,,TX1470032,0
TSTC,,,TX1470034,0
TSTC,0.9,MG,TX1480001,0
TSTC,0.125,MG,TX1480002,0
TSTC,0.05,MG,TX1480003,0
TSTC,0.35,MG,TX1480004,0
TSTC,0.991,MG,TX1490001,0
TSTC,2.085,MG,TX1490002,0
TSTC,0.016,MG,TX1490016,0
TSTC,0.168,MG,TX1490017,0
TSTC,0.098,MG,TX1490029,1
